       1_eq_npt	       0	  6.8472	 52.9003	  6.8472	 57.2569	 52.9003	 57.2569
       1_eq_npt	       1	  6.8808	 53.9472	  6.8808	 59.1907	 53.9472	 59.1907
       1_eq_nvt	       0	  7.1439	 52.9413	  7.1439	 57.5907	 52.9413	 57.5907
       1_eq_nvt	       1	  7.0851	 51.9318	  7.0851	 57.4670	 51.9318	 57.4670
     2_dyn001_a	       0	  7.0768	 54.3456	  7.0768	 59.9730	 54.3456	 59.9730
     2_dyn001_a	       1	  6.7575	 51.1597	  6.7575	 57.1444	 51.1597	 57.1444
     2_dyn001_a	       2	  7.5192	 50.7039	  7.5192	 56.5912	 50.7039	 56.5912
     2_dyn001_a	       3	  5.6067	 73.7455	  5.6067	 73.4987	 73.7455	 73.4987
     2_dyn001_a	       4	  5.7480	 67.1806	  5.7480	 67.2856	 67.1806	 67.2856
     2_dyn001_a	       5	  5.4848	 56.5754	  5.4848	 59.1436	 56.5754	 59.1436
     2_dyn001_a	       6	  6.5833	 54.6251	  6.5833	 59.0575	 54.6251	 59.0575
     2_dyn001_a	       7	  5.8271	 52.3396	  5.8271	 49.7872	 52.3396	 49.7872
     2_dyn001_a	       8	  6.3696	 52.6281	  6.3696	 55.7026	 52.6281	 55.7026
     2_dyn001_a	       9	  6.0028	 61.7319	  6.0028	 61.1252	 61.7319	 61.1252
     2_dyn001_a	      10	  6.1496	 49.3076	  6.1496	 47.0105	 49.3076	 47.0105
     2_dyn001_a	      11	  6.7271	 42.6778	  6.7271	 39.5387	 42.6778	 39.5387
     2_dyn001_a	      12	  7.2170	 40.5388	  7.2170	 39.5674	 40.5388	 39.5674
     2_dyn001_a	      13	  7.0986	 40.0137	  7.0986	 42.1413	 40.0137	 42.1413
     2_dyn001_a	      14	  6.9980	 40.5354	  6.9980	 39.9483	 40.5354	 39.9483
     2_dyn001_a	      15	  6.7910	 45.0818	  6.7910	 50.4903	 45.0818	 50.4903
     2_dyn001_a	      16	  6.7707	 46.3301	  6.7707	 52.0560	 46.3301	 52.0560
     2_dyn001_a	      17	  6.7629	 55.1766	  6.7629	 59.0390	 55.1766	 59.0390
     2_dyn001_a	      18	  5.8758	 38.8293	  5.8758	 41.7331	 38.8293	 41.7331
     2_dyn001_a	      19	  7.0324	 35.3806	  7.0324	 30.3274	 35.3806	 30.3274
     2_dyn001_a	      20	  5.6017	 28.6262	  5.6017	 25.0267	 28.6262	 25.0267
     2_dyn001_a	      21	  7.3563	 80.2247	  7.3563	 82.7707	 80.2247	 82.7707
     2_dyn001_a	      22	  7.2445	 26.3732	  7.2445	 23.4283	 26.3732	 23.4283
     2_dyn001_a	      23	  6.5957	 18.5986	  6.5957	 18.8160	 18.5986	 18.8160
     2_dyn001_a	      24	  7.1246	 30.2661	  7.1246	 25.4709	 30.2661	 25.4709
     2_dyn001_a	      25	  5.9984	 28.1383	  5.9984	 24.4645	 28.1383	 24.4645
     2_dyn001_a	      26	  5.7923	 82.4118	  5.7923	 87.0745	 82.4118	 87.0745
     2_dyn001_a	      27	  5.3166	 63.1540	  5.3166	 65.3508	 63.1540	 65.3508
     2_dyn001_a	      28	  6.9954	 25.6589	  6.9954	 25.7218	 25.6589	 25.7218
     2_dyn001_a	      29	  7.4291	 25.7435	  7.4291	 29.8226	 25.7435	 29.8226
     2_dyn001_a	      30	  6.7408	 28.8625	  6.7408	 26.2975	 28.8625	 26.2975
     2_dyn001_a	      31	  7.0269	 59.1487	  7.0269	 54.4170	 59.1487	 54.4170
     2_dyn001_a	      32	  5.3403	 51.6074	  5.3403	 49.4285	 51.6074	 49.4285
     2_dyn001_a	      33	  6.9371	 49.2585	  6.9371	 51.8233	 49.2585	 51.8233
     2_dyn001_a	      34	  6.5675	 38.0530	  6.5675	 34.4048	 38.0530	 34.4048
     2_dyn001_a	      35	  5.9281	 49.0869	  5.9281	 47.1939	 49.0869	 47.1939
     2_dyn001_a	      36	  5.5675	 54.0135	  5.5675	 53.6868	 54.0135	 53.6868
     2_dyn001_a	      37	  6.7425	 69.4660	  6.7425	 74.1803	 69.4660	 74.1803
     2_dyn001_a	      38	  6.3109	 59.6082	  6.3109	 64.7777	 59.6082	 64.7777
     2_dyn001_a	      39	  5.4071	 41.2645	  5.4071	 40.6688	 41.2645	 40.6688
     2_dyn001_a	      40	  5.9791	 41.0861	  5.9791	 39.2804	 41.0861	 39.2804
     2_dyn001_a	      41	  5.6838	 47.0362	  5.6838	 43.2107	 47.0362	 43.2107
     2_dyn001_a	      42	  7.4487	 43.7523	  7.4487	 47.1301	 43.7523	 47.1301
     2_dyn001_a	      43	  7.2760	 46.6990	  7.2760	 42.1370	 46.6990	 42.1370
     2_dyn001_a	      44	  7.4104	 69.6017	  7.4104	 72.0160	 69.6017	 72.0160
     2_dyn001_a	      45	  7.0984	 40.0013	  7.0984	 46.8668	 40.0013	 46.8668
     2_dyn001_a	      46	  6.7083	 33.5500	  6.7083	 40.0996	 33.5500	 40.0996
     2_dyn001_a	      47	  7.2978	 46.0326	  7.2978	 52.6322	 46.0326	 52.6322
     2_dyn001_a	      48	  7.3853	 80.4975	  7.3853	 86.7035	 80.4975	 86.7035
     2_dyn001_a	      49	  7.4974	 48.9704	  7.4974	 55.6592	 48.9704	 55.6592
     2_dyn001_b	       0	  7.3655	 39.5105	  7.3655	 46.2705	 39.5105	 46.2705
     2_dyn001_b	       1	  7.2726	 39.4451	  7.2726	 45.2099	 39.4451	 45.2099
     2_dyn001_b	       2	  5.9109	 38.9054	  5.9109	 40.4114	 38.9054	 40.4114
     2_dyn001_b	       3	  5.7503	 38.9711	  5.7503	 38.5023	 38.9711	 38.5023
     2_dyn001_b	       4	  5.8808	 35.9560	  5.8808	 36.3885	 35.9560	 36.3885
     2_dyn001_b	       5	  5.6753	 36.0377	  5.6753	 35.8751	 36.0377	 35.8751
     2_dyn001_b	       6	  5.9647	 33.6437	  5.9647	 33.4082	 33.6437	 33.4082
     2_dyn001_b	       7	  5.9413	 35.6554	  5.9413	 33.6634	 35.6554	 33.6634
     2_dyn001_b	       8	  5.8104	 38.8518	  5.8104	 36.6536	 38.8518	 36.6536
     2_dyn001_b	       9	  6.1643	 42.6968	  6.1643	 42.3370	 42.6968	 42.3370
     2_dyn001_b	      10	  5.7841	 45.3003	  5.7841	 47.3708	 45.3003	 47.3708
     2_dyn001_b	      11	  6.0133	 36.5457	  6.0133	 38.8718	 36.5457	 38.8718
     2_dyn001_b	      12	  5.8137	 41.9766	  5.8137	 45.4655	 41.9766	 45.4655
     2_dyn001_b	      13	  5.7963	 48.0705	  5.7963	 48.5252	 48.0705	 48.5252
     2_dyn001_b	      14	  5.4815	 49.4007	  5.4815	 48.4679	 49.4007	 48.4679
     2_dyn001_b	      15	  5.9684	 48.7843	  5.9684	 45.7876	 48.7843	 45.7876
     2_dyn001_b	      16	  6.0245	 48.0585	  6.0245	 44.6153	 48.0585	 44.6153
     2_dyn001_b	      17	  5.6941	 49.9668	  5.6941	 46.7937	 49.9668	 46.7937
     2_dyn001_b	      18	  5.9173	 50.0712	  5.9173	 46.3597	 50.0712	 46.3597
     2_dyn001_b	      19	  5.6503	 48.4791	  5.6503	 45.0332	 48.4791	 45.0332
     2_dyn001_b	      20	  5.6583	 44.2189	  5.6583	 41.9491	 44.2189	 41.9491
     2_dyn001_b	      21	  5.8282	 49.0857	  5.8282	 45.2825	 49.0857	 45.2825
     2_dyn001_b	      22	  5.8615	 48.9164	  5.8615	 45.8400	 48.9164	 45.8400
     2_dyn001_b	      23	  5.4872	 41.2220	  5.4872	 38.3366	 41.2220	 38.3366
     2_dyn001_b	      24	  5.7973	 40.0464	  5.7973	 36.2979	 40.0464	 36.2979
     2_dyn001_b	      25	  6.1490	 42.0235	  6.1490	 39.9334	 42.0235	 39.9334
     2_dyn001_b	      26	  5.7183	 41.4983	  5.7183	 37.5935	 41.4983	 37.5935
     2_dyn001_b	      27	  6.2782	 41.5148	  6.2782	 38.6345	 41.5148	 38.6345
     2_dyn001_b	      28	  6.6548	 41.7636	  6.6548	 38.5544	 41.7636	 38.5544
     2_dyn001_b	      29	  6.4407	 34.7783	  6.4407	 32.0186	 34.7783	 32.0186
     2_dyn001_b	      30	  7.0366	 39.1470	  7.0366	 37.2683	 39.1470	 37.2683
     2_dyn001_b	      31	  7.1045	 43.1595	  7.1045	 42.6877	 43.1595	 42.6877
     2_dyn001_b	      32	  7.0505	 44.0250	  7.0505	 46.4925	 44.0250	 46.4925
     2_dyn001_b	      33	  5.8702	 49.3546	  5.8702	 49.6101	 49.3546	 49.6101
     2_dyn001_b	      34	  5.7620	 52.8570	  5.7620	 50.2816	 52.8570	 50.2816
     2_dyn001_b	      35	  7.1989	 49.4003	  7.1989	 46.3018	 49.4003	 46.3018
     2_dyn001_b	      36	  5.8197	 50.3662	  5.8197	 45.9394	 50.3662	 45.9394
     2_dyn001_b	      37	  6.2956	 50.4904	  6.2956	 46.2342	 50.4904	 46.2342
     2_dyn001_b	      38	  7.0355	 52.3485	  7.0355	 49.3612	 52.3485	 49.3612
     2_dyn001_b	      39	  7.1236	 48.6005	  7.1236	 43.2593	 48.6005	 43.2593
     2_dyn001_b	      40	  6.9604	 50.9560	  6.9604	 47.1029	 50.9560	 47.1029
     2_dyn001_b	      41	  6.3542	 49.4920	  6.3542	 45.0520	 49.4920	 45.0520
     2_dyn001_b	      42	  6.5659	 53.5651	  6.5659	 50.5815	 53.5651	 50.5815
     2_dyn001_b	      43	  6.7042	 54.5325	  6.7042	 50.2209	 54.5325	 50.2209
     2_dyn001_b	      44	  7.4319	 32.9948	  7.4319	 36.5535	 32.9948	 36.5535
     2_dyn001_b	      45	  6.9256	 54.2125	  6.9256	 51.2192	 54.2125	 51.2192
     2_dyn001_b	      46	  6.6157	 32.0110	  6.6157	 37.2013	 32.0110	 37.2013
     2_dyn001_b	      47	  6.8625	 32.1715	  6.8625	 36.8971	 32.1715	 36.8971
     2_dyn001_b	      48	  7.2330	 34.3786	  7.2330	 39.3571	 34.3786	 39.3571
     2_dyn001_b	      49	  7.3024	 58.1272	  7.3024	 57.9855	 58.1272	 57.9855
     2_dyn002_a	       0	  6.6558	 54.4245	  6.6558	 53.5016	 54.4245	 53.5016
     2_dyn002_a	       1	  7.3512	 47.1156	  7.3512	 51.2638	 47.1156	 51.2638
     2_dyn002_a	       2	  6.4097	 51.6235	  6.4097	 54.9070	 51.6235	 54.9070
     2_dyn002_a	       3	  6.9495	 41.7392	  6.9495	 44.1421	 41.7392	 44.1421
     2_dyn002_a	       4	  6.8528	 42.0450	  6.8528	 46.7873	 42.0450	 46.7873
     2_dyn002_a	       5	  6.8701	 47.5170	  6.8701	 53.6010	 47.5170	 53.6010
     2_dyn002_a	       6	  6.8569	 49.1328	  6.8569	 53.3007	 49.1328	 53.3007
     2_dyn002_a	       7	  7.0193	 41.7503	  7.0193	 47.0724	 41.7503	 47.0724
     2_dyn002_a	       8	  6.8384	 36.9483	  6.8384	 42.6559	 36.9483	 42.6559
     2_dyn002_a	       9	  7.0183	 81.4471	  7.0183	 81.0998	 81.4471	 81.0998
     2_dyn002_a	      10	  6.0818	 68.7168	  6.0818	 64.4192	 68.7168	 64.4192
     2_dyn002_a	      11	  5.6867	 55.9672	  5.6867	 53.2285	 55.9672	 53.2285
     2_dyn002_a	      12	  7.2390	 76.1954	  7.2390	 76.4870	 76.1954	 76.4870
     2_dyn002_a	      13	  5.9287	 81.6933	  5.9287	 86.7879	 81.6933	 86.7879
     2_dyn002_a	      14	  6.4039	 64.8561	  6.4039	 69.6565	 64.8561	 69.6565
     2_dyn002_a	      15	  5.5519	 51.7263	  5.5519	 56.2651	 51.7263	 56.2651
     2_dyn002_a	      16	  5.9089	 90.0289	  5.9089	 90.6164	 90.0289	 90.6164
     2_dyn002_a	      17	  6.3089	 72.2268	  6.3089	 78.1904	 72.2268	 78.1904
     2_dyn002_a	      18	  5.8128	 68.0103	  5.8128	 68.9123	 68.0103	 68.9123
     2_dyn002_a	      19	  7.1184	 67.5447	  7.1184	 71.6336	 67.5447	 71.6336
     2_dyn002_a	      20	  6.6766	 67.1499	  6.6766	 62.3512	 67.1499	 62.3512
     2_dyn002_a	      21	  6.7536	 69.2251	  6.7536	 68.1923	 69.2251	 68.1923
     2_dyn002_a	      22	  7.2729	 77.8987	  7.2729	 80.5408	 77.8987	 80.5408
     2_dyn002_a	      23	  6.1710	 79.4541	  6.1710	 85.2816	 79.4541	 85.2816
     2_dyn002_a	      24	  7.0054	 65.8478	  7.0054	 69.9270	 65.8478	 69.9270
     2_dyn002_a	      25	  6.6833	 55.8997	  6.6833	 52.6651	 55.8997	 52.6651
     2_dyn002_a	      26	  7.0430	 55.3357	  7.0430	 52.1345	 55.3357	 52.1345
     2_dyn002_a	      27	  7.3252	 69.6602	  7.3252	 62.6526	 69.6602	 62.6526
     2_dyn002_a	      28	  6.1560	 38.7259	  6.1560	 37.5638	 38.7259	 37.5638
     2_dyn002_a	      29	  6.7159	 35.7190	  6.7159	 30.7332	 35.7190	 30.7332
     2_dyn002_a	      30	  6.4092	 82.4750	  6.4092	 84.1381	 82.4750	 84.1381
     2_dyn002_a	      31	  6.9332	 87.5304	  6.9332	 85.7159	 87.5304	 85.7159
     2_dyn002_a	      32	  6.9207	 83.9114	  6.9207	 86.3334	 83.9114	 86.3334
     2_dyn002_a	      33	  5.5222	 42.9093	  5.5222	 43.3265	 42.9093	 43.3265
     2_dyn002_a	      34	  7.1659	 52.1151	  7.1659	 50.4778	 52.1151	 50.4778
     2_dyn002_a	      35	  6.0905	 80.1846	  6.0905	 80.6233	 80.1846	 80.6233
     2_dyn002_a	      36	  7.0046	 75.9074	  7.0046	 81.1850	 75.9074	 81.1850
     2_dyn002_a	      37	  7.0856	 73.5510	  7.0856	 75.8661	 73.5510	 75.8661
     2_dyn002_a	      38	  6.4689	 76.3257	  6.4689	 77.4999	 76.3257	 77.4999
     2_dyn002_a	      39	  5.0830	 68.6720	  5.0830	 64.5536	 68.6720	 64.5536
     2_dyn002_a	      40	  6.3496	 56.1339	  6.3496	 51.6624	 56.1339	 51.6624
     2_dyn002_a	      41	  7.0683	 63.0244	  7.0683	 56.5484	 63.0244	 56.5484
     2_dyn002_a	      42	  7.0660	 78.6741	  7.0660	 79.7989	 78.6741	 79.7989
     2_dyn002_a	      43	  6.8396	 79.8832	  6.8396	 79.3273	 79.8832	 79.3273
     2_dyn002_a	      44	  7.0801	 79.6920	  7.0801	 78.1656	 79.6920	 78.1656
     2_dyn002_a	      45	  7.1512	 87.3095	  7.1512	 85.2274	 87.3095	 85.2274
     2_dyn002_a	      46	  5.5053	 91.6083	  5.5053	 92.5710	 91.6083	 92.5710
     2_dyn002_a	      47	  5.5981	 94.3597	  5.5981	 94.7985	 94.3597	 94.7985
     2_dyn002_a	      48	  6.1781	 98.7923	  6.1781	 97.3805	 98.7923	 97.3805
     2_dyn002_a	      49	  5.4199	 97.2084	  5.4199	 97.8397	 97.2084	 97.8397
     2_dyn002_b	       0	  5.8322	 96.0644	  5.8322	 96.6136	 96.0644	 96.6136
     2_dyn002_b	       1	  5.7191	 93.6606	  5.7191	 93.9634	 93.6606	 93.9634
     2_dyn002_b	       2	  5.8022	 96.3215	  5.8022	 97.2578	 96.3215	 97.2578
     2_dyn002_b	       3	  5.9307	 87.9941	  5.9307	 87.4799	 87.9941	 87.4799
     2_dyn002_b	       4	  6.2457	 61.4577	  6.2457	 66.8730	 61.4577	 66.8730
     2_dyn002_b	       5	  6.5528	103.5463	  6.5528	101.5472	103.5463	101.5472
     2_dyn002_b	       6	  6.4376	 84.2002	  6.4376	 84.9625	 84.2002	 84.9625
     2_dyn002_b	       7	  6.9320	 85.5199	  6.9320	 86.5219	 85.5199	 86.5219
     2_dyn002_b	       8	  7.2306	 84.3009	  7.2306	 87.5202	 84.3009	 87.5202
     2_dyn002_b	       9	  7.2081	 56.8513	  7.2081	 62.3239	 56.8513	 62.3239
     2_dyn002_b	      10	  7.0776	 56.1371	  7.0776	 61.0517	 56.1371	 61.0517
     2_dyn002_b	      11	  6.9570	 60.2436	  6.9570	 65.3290	 60.2436	 65.3290
     2_dyn002_b	      12	  7.2383	 88.7513	  7.2383	 90.3370	 88.7513	 90.3370
     2_dyn002_b	      13	  6.7950	 56.4562	  6.7950	 55.1794	 56.4562	 55.1794
     2_dyn002_b	      14	  7.2083	 55.4333	  7.2083	 57.8260	 55.4333	 57.8260
     2_dyn002_b	      15	  7.0368	 56.8688	  7.0368	 59.0215	 56.8688	 59.0215
     2_dyn002_b	      16	  7.1470	 60.2740	  7.1470	 59.9023	 60.2740	 59.9023
     2_dyn002_b	      17	  7.0762	 77.4787	  7.0762	 81.0666	 77.4787	 81.0666
     2_dyn002_b	      18	  7.1952	 95.5274	  7.1952	 97.4852	 95.5274	 97.4852
     2_dyn002_b	      19	  6.9982	 76.1494	  6.9982	 81.4872	 76.1494	 81.4872
     2_dyn002_b	      20	  7.1320	 72.1271	  7.1320	 77.3049	 72.1271	 77.3049
     2_dyn002_b	      21	  7.1426	 74.0034	  7.1426	 80.1877	 74.0034	 80.1877
     2_dyn002_b	      22	  7.0614	 82.2832	  7.0614	 87.9689	 82.2832	 87.9689
     2_dyn002_b	      23	  7.1112	 78.5836	  7.1112	 84.4237	 78.5836	 84.4237
     2_dyn002_b	      24	  6.8748	 82.0836	  6.8748	 85.9463	 82.0836	 85.9463
     2_dyn002_b	      25	  7.0305	 81.3189	  7.0305	 88.2037	 81.3189	 88.2037
     2_dyn002_b	      26	  7.1181	 81.5235	  7.1181	 87.1120	 81.5235	 87.1120
     2_dyn002_b	      27	  6.9742	 81.7594	  6.9742	 88.2702	 81.7594	 88.2702
     2_dyn002_b	      28	  6.8846	 81.8073	  6.8846	 87.2278	 81.8073	 87.2278
     2_dyn002_b	      29	  6.8992	 82.6058	  6.8992	 88.1341	 82.6058	 88.1341
     2_dyn002_b	      30	  6.8365	 89.6955	  6.8365	 96.1747	 89.6955	 96.1747
     2_dyn002_b	      31	  5.5993	 89.6839	  5.5993	 94.2829	 89.6839	 94.2829
     2_dyn002_b	      32	  5.8692	 87.6262	  5.8692	 92.4465	 87.6262	 92.4465
     2_dyn002_b	      33	  5.8626	 88.0717	  5.8626	 92.9712	 88.0717	 92.9712
     2_dyn002_b	      34	  5.9348	 87.9675	  5.9348	 91.3287	 87.9675	 91.3287
     2_dyn002_b	      35	  5.9640	 83.1686	  5.9640	 85.2458	 83.1686	 85.2458
     2_dyn002_b	      36	  5.8871	 79.3935	  5.8871	 82.5121	 79.3935	 82.5121
     2_dyn002_b	      37	  5.7931	 78.8740	  5.7931	 82.1951	 78.8740	 82.1951
     2_dyn002_b	      38	  6.0375	 91.1504	  6.0375	 93.6608	 91.1504	 93.6608
     2_dyn002_b	      39	  5.9274	 88.9423	  5.9274	 92.6064	 88.9423	 92.6064
     2_dyn002_b	      40	  5.7425	 40.2428	  5.7425	 35.0949	 40.2428	 35.0949
     2_dyn002_b	      41	  5.5543	 34.1173	  5.5543	 29.7116	 34.1173	 29.7116
     2_dyn002_b	      42	  6.0281	 31.8545	  6.0281	 26.6618	 31.8545	 26.6618
     2_dyn002_b	      43	  5.9648	 29.2559	  5.9648	 24.2068	 29.2559	 24.2068
     2_dyn002_b	      44	  5.5822	 27.5052	  5.5822	 24.9957	 27.5052	 24.9957
     2_dyn002_b	      45	  5.6212	 31.4840	  5.6212	 27.5645	 31.4840	 27.5645
     2_dyn002_b	      46	  6.1303	 32.5319	  6.1303	 27.7797	 32.5319	 27.7797
     2_dyn002_b	      47	  5.6061	 80.4751	  5.6061	 81.9926	 80.4751	 81.9926
     2_dyn002_b	      48	  5.8369	 33.4033	  5.8369	 29.0377	 33.4033	 29.0377
     2_dyn002_b	      49	  5.6817	 80.8529	  5.6817	 82.9922	 80.8529	 82.9922
     2_dyn003_a	       0	  5.7282	 85.9816	  5.7282	 85.4830	 85.9816	 85.4830
     2_dyn003_a	       1	  7.4360	 90.8343	  7.4360	 91.7398	 90.8343	 91.7398
     2_dyn003_a	       2	  6.8271	 83.6093	  6.8271	 81.6299	 83.6093	 81.6299
     2_dyn003_a	       3	  7.0870	 86.1007	  7.0870	 84.9756	 86.1007	 84.9756
     2_dyn003_a	       4	  7.0179	 67.1269	  7.0179	 61.4407	 67.1269	 61.4407
     2_dyn003_a	       5	  7.1516	 74.2345	  7.1516	 80.3905	 74.2345	 80.3905
     2_dyn003_a	       6	  7.5146	 90.2763	  7.5146	 87.3716	 90.2763	 87.3716
     2_dyn003_a	       7	  6.8733	 77.4950	  6.8733	 75.4595	 77.4950	 75.4595
     2_dyn003_a	       8	  7.0325	 91.8703	  7.0325	 87.7054	 91.8703	 87.7054
     2_dyn003_a	       9	  6.8527	 77.7488	  6.8527	 75.6058	 77.7488	 75.6058
     2_dyn003_a	      10	  6.7209	 64.4719	  6.7209	 61.0239	 64.4719	 61.0239
     2_dyn003_a	      11	  6.3181	 39.0433	  6.3181	 35.8730	 39.0433	 35.8730
     2_dyn003_a	      12	  6.2271	 48.1666	  6.2271	 44.4329	 48.1666	 44.4329
     2_dyn003_a	      13	  6.7128	 43.1911	  6.7128	 48.3653	 43.1911	 48.3653
     2_dyn003_a	      14	  5.0955	 54.0455	  5.0955	 55.9374	 54.0455	 55.9374
     2_dyn003_a	      15	  5.6317	 56.8991	  5.6317	 61.7416	 56.8991	 61.7416
     2_dyn003_a	      16	  5.8353	 68.2741	  5.8353	 72.3407	 68.2741	 72.3407
     2_dyn003_a	      17	  6.1207	 62.2708	  6.1207	 62.9767	 62.2708	 62.9767
     2_dyn003_a	      18	  7.3052	 62.6299	  7.3052	 66.5136	 62.6299	 66.5136
     2_dyn003_a	      19	  7.1787	 51.7642	  7.1787	 46.2504	 51.7642	 46.2504
     2_dyn003_a	      20	  6.8367	 59.4194	  6.8367	 55.9957	 59.4194	 55.9957
     2_dyn003_a	      21	  5.6476	 41.6176	  5.6476	 37.8194	 41.6176	 37.8194
     2_dyn003_a	      22	  6.8681	 63.2949	  6.8681	 64.9008	 63.2949	 64.9008
     2_dyn003_a	      23	  6.0519	 16.8487	  6.0519	 18.5850	 16.8487	 18.5850
     2_dyn003_a	      24	  6.0694	 18.5273	  6.0694	 21.8563	 18.5273	 21.8563
     2_dyn003_a	      25	  7.4454	 19.0506	  7.4454	 17.9493	 19.0506	 17.9493
     2_dyn003_a	      26	  6.8774	 27.8701	  6.8774	 27.5806	 27.8701	 27.5806
     2_dyn003_a	      27	  6.2652	 19.3586	  6.2652	 16.0756	 19.3586	 16.0756
     2_dyn003_a	      28	  6.2454	 18.4664	  6.2454	 12.5328	 18.4664	 12.5328
     2_dyn003_a	      29	  7.1482	 22.6424	  7.1482	 17.0518	 22.6424	 17.0518
     2_dyn003_a	      30	  5.8322	 31.6305	  5.8322	 26.5276	 31.6305	 26.5276
     2_dyn003_a	      31	  6.6591	 57.5879	  6.6591	 52.4408	 57.5879	 52.4408
     2_dyn003_a	      32	  7.2631	 68.9305	  7.2631	 62.1963	 68.9305	 62.1963
     2_dyn003_a	      33	  6.1712	 82.0149	  6.1712	 78.0832	 82.0149	 78.0832
     2_dyn003_a	      34	  7.2516	 50.5432	  7.2516	 53.1597	 50.5432	 53.1597
     2_dyn003_a	      35	  6.3323	 45.0071	  6.3323	 48.2391	 45.0071	 48.2391
     2_dyn003_a	      36	  5.6919	 53.5556	  5.6919	 55.6755	 53.5556	 55.6755
     2_dyn003_a	      37	  6.9126	 93.2200	  6.9126	 99.3482	 93.2200	 99.3482
     2_dyn003_a	      38	  7.4566	 84.1787	  7.4566	 80.7217	 84.1787	 80.7217
     2_dyn003_a	      39	  7.4429	 36.5595	  7.4429	 33.6253	 36.5595	 33.6253
     2_dyn003_a	      40	  5.7883	 85.9899	  5.7883	 83.7958	 85.9899	 83.7958
     2_dyn003_a	      41	  7.1677	 48.3060	  7.1677	 53.5791	 48.3060	 53.5791
     2_dyn003_a	      42	  7.3201	 58.5438	  7.3201	 64.2758	 58.5438	 64.2758
     2_dyn003_a	      43	  7.0571	 46.6595	  7.0571	 50.9023	 46.6595	 50.9023
     2_dyn003_a	      44	  6.6832	 70.4758	  6.6832	 73.6161	 70.4758	 73.6161
     2_dyn003_a	      45	  7.3389	 89.4591	  7.3389	 89.8848	 89.4591	 89.8848
     2_dyn003_a	      46	  6.5775	 89.6849	  6.5775	 91.5068	 89.6849	 91.5068
     2_dyn003_a	      47	  7.1938	 61.2798	  7.1938	 64.7415	 61.2798	 64.7415
     2_dyn003_a	      48	  7.1368	 66.2119	  7.1368	 71.3776	 66.2119	 71.3776
     2_dyn003_a	      49	  6.1747	 66.7222	  6.1747	 72.2871	 66.7222	 72.2871
     2_dyn003_b	       0	  7.1864	 65.5197	  7.1864	 72.1365	 65.5197	 72.1365
     2_dyn003_b	       1	  6.9733	 67.4023	  6.9733	 72.6262	 67.4023	 72.6262
     2_dyn003_b	       2	  6.8865	 62.5449	  6.8865	 67.7144	 62.5449	 67.7144
     2_dyn003_b	       3	  7.0628	 61.9438	  7.0628	 66.9665	 61.9438	 66.9665
     2_dyn003_b	       4	  6.7545	 88.3526	  6.7545	 84.7686	 88.3526	 84.7686
     2_dyn003_b	       5	  7.0602	 84.1036	  7.0602	 83.6430	 84.1036	 83.6430
     2_dyn003_b	       6	  6.7152	 86.5564	  6.7152	 84.3181	 86.5564	 84.3181
     2_dyn003_b	       7	  6.9189	 36.3320	  6.9189	 34.4768	 36.3320	 34.4768
     2_dyn003_b	       8	  6.8040	 37.9580	  6.8040	 37.9791	 37.9580	 37.9791
     2_dyn003_b	       9	  6.3554	 41.3808	  6.3554	 42.9666	 41.3808	 42.9666
     2_dyn003_b	      10	  6.6538	 39.8818	  6.6538	 42.3724	 39.8818	 42.3724
     2_dyn003_b	      11	  7.2275	 36.7504	  7.2275	 38.5248	 36.7504	 38.5248
     2_dyn003_b	      12	  7.5421	 32.0442	  7.5421	 37.8888	 32.0442	 37.8888
     2_dyn003_b	      13	  7.4967	 33.3114	  7.4967	 38.1084	 33.3114	 38.1084
     2_dyn003_b	      14	  6.5698	 35.6399	  6.5698	 41.1824	 35.6399	 41.1824
     2_dyn003_b	      15	  7.2821	 43.1945	  7.2821	 47.1745	 43.1945	 47.1745
     2_dyn003_b	      16	  7.1551	 45.4779	  7.1551	 50.6767	 45.4779	 50.6767
     2_dyn003_b	      17	  6.8943	 47.1789	  6.8943	 53.2653	 47.1789	 53.2653
     2_dyn003_b	      18	  7.0335	 50.0733	  7.0335	 54.9829	 50.0733	 54.9829
     2_dyn003_b	      19	  6.7124	 44.1846	  6.7124	 47.8546	 44.1846	 47.8546
     2_dyn003_b	      20	  7.2783	 42.7420	  7.2783	 48.9456	 42.7420	 48.9456
     2_dyn003_b	      21	  7.3801	 37.6648	  7.3801	 43.5911	 37.6648	 43.5911
     2_dyn003_b	      22	  7.4522	 36.3080	  7.4522	 43.5811	 36.3080	 43.5811
     2_dyn003_b	      23	  7.3473	 37.1074	  7.3473	 44.3539	 37.1074	 44.3539
     2_dyn003_b	      24	  7.6496	 32.4380	  7.6496	 39.9270	 32.4380	 39.9270
     2_dyn003_b	      25	  7.5421	 30.2272	  7.5421	 37.5872	 30.2272	 37.5872
     2_dyn003_b	      26	  7.4843	 32.2595	  7.4843	 38.8898	 32.2595	 38.8898
     2_dyn003_b	      27	  7.1163	 36.1726	  7.1163	 42.6971	 36.1726	 42.6971
     2_dyn003_b	      28	  7.3458	 34.0195	  7.3458	 39.5114	 34.0195	 39.5114
     2_dyn003_b	      29	  7.4086	 35.4481	  7.4086	 42.4003	 35.4481	 42.4003
     2_dyn003_b	      30	  7.1650	 31.7344	  7.1650	 37.6590	 31.7344	 37.6590
     2_dyn003_b	      31	  7.3975	 34.6066	  7.3975	 41.1798	 34.6066	 41.1798
     2_dyn003_b	      32	  7.1296	 37.5863	  7.1296	 44.2685	 37.5863	 44.2685
     2_dyn003_b	      33	  7.0311	 36.0539	  7.0311	 42.5870	 36.0539	 42.5870
     2_dyn003_b	      34	  7.1438	 35.7472	  7.1438	 42.6936	 35.7472	 42.6936
     2_dyn003_b	      35	  7.2006	 36.1306	  7.2006	 43.2201	 36.1306	 43.2201
     2_dyn003_b	      36	  7.3788	 36.5197	  7.3788	 41.6845	 36.5197	 41.6845
     2_dyn003_b	      37	  7.3303	 38.9461	  7.3303	 46.1850	 38.9461	 46.1850
     2_dyn003_b	      38	  7.0960	 42.5565	  7.0960	 48.7658	 42.5565	 48.7658
     2_dyn003_b	      39	  7.5248	 43.3969	  7.5248	 50.7784	 43.3969	 50.7784
     2_dyn003_b	      40	  7.4768	 44.5751	  7.4768	 51.5296	 44.5751	 51.5296
     2_dyn003_b	      41	  7.3847	 51.8469	  7.3847	 57.7014	 51.8469	 57.7014
     2_dyn003_b	      42	  7.5406	 50.4253	  7.5406	 56.4311	 50.4253	 56.4311
     2_dyn003_b	      43	  7.0758	 49.4905	  7.0758	 55.8247	 49.4905	 55.8247
     2_dyn003_b	      44	  6.8499	 49.4832	  6.8499	 55.7256	 49.4832	 55.7256
     2_dyn003_b	      45	  6.6417	 47.9091	  6.6417	 52.7763	 47.9091	 52.7763
     2_dyn003_b	      46	  6.9091	 50.9524	  6.9091	 57.0555	 50.9524	 57.0555
     2_dyn003_b	      47	  5.7653	 48.5018	  5.7653	 53.8777	 48.5018	 53.8777
     2_dyn003_b	      48	  5.7587	 49.6156	  5.7587	 53.9890	 49.6156	 53.9890
     2_dyn003_b	      49	  6.0555	 49.3940	  6.0555	 54.6427	 49.3940	 54.6427
     2_dyn004_a	       0	  5.7377	 49.1781	  5.7377	 54.2842	 49.1781	 54.2842
     2_dyn004_a	       1	  5.9597	 48.6828	  5.9597	 53.7748	 48.6828	 53.7748
     2_dyn004_a	       2	  5.3597	 53.2505	  5.3597	 57.9446	 53.2505	 57.9446
     2_dyn004_a	       3	  5.7209	 48.7912	  5.7209	 44.7628	 48.7912	 44.7628
     2_dyn004_a	       4	  5.8885	 57.1033	  5.8885	 56.8316	 57.1033	 56.8316
     2_dyn004_a	       5	  5.4843	 57.4821	  5.4843	 57.7085	 57.4821	 57.7085
     2_dyn004_a	       6	  6.1677	 20.3704	  6.1677	 23.8498	 20.3704	 23.8498
     2_dyn004_a	       7	  6.1134	 33.1602	  6.1134	 38.4609	 33.1602	 38.4609
     2_dyn004_a	       8	  7.1134	 34.8219	  7.1134	 37.6399	 34.8219	 37.6399
     2_dyn004_a	       9	  6.9742	 39.3018	  6.9742	 38.7452	 39.3018	 38.7452
     2_dyn004_a	      10	  6.6712	 32.1631	  6.6712	 35.6153	 32.1631	 35.6153
     2_dyn004_a	      11	  5.4177	 41.5210	  5.4177	 42.6574	 41.5210	 42.6574
     2_dyn004_a	      12	  6.0508	 43.8431	  6.0508	 47.7921	 43.8431	 47.7921
     2_dyn004_a	      13	  5.9072	 52.2745	  5.9072	 55.8006	 52.2745	 55.8006
     2_dyn004_a	      14	  7.3948	 75.4681	  7.3948	 74.3631	 75.4681	 74.3631
     2_dyn004_a	      15	  7.1173	 53.7514	  7.1173	 54.1883	 53.7514	 54.1883
     2_dyn004_a	      16	  6.5889	 71.0791	  6.5889	 69.3957	 71.0791	 69.3957
     2_dyn004_a	      17	  6.6845	 79.2396	  6.6845	 78.6229	 79.2396	 78.6229
     2_dyn004_a	      18	  7.3191	 45.3495	  7.3191	 43.5977	 45.3495	 43.5977
     2_dyn004_a	      19	  5.5505	 64.3879	  5.5505	 63.3995	 64.3879	 63.3995
     2_dyn004_a	      20	  5.4360	 58.4490	  5.4360	 63.2688	 58.4490	 63.2688
     2_dyn004_a	      21	  6.4920	 33.1242	  6.4920	 34.6846	 33.1242	 34.6846
     2_dyn004_a	      22	  7.2810	 85.8293	  7.2810	 89.4600	 85.8293	 89.4600
     2_dyn004_a	      23	  6.9799	 67.1722	  6.9799	 62.1534	 67.1722	 62.1534
     2_dyn004_a	      24	  6.2562	 26.5670	  6.2562	 23.6246	 26.5670	 23.6246
     2_dyn004_a	      25	  6.4205	 67.5221	  6.4205	 68.9447	 67.5221	 68.9447
     2_dyn004_a	      26	  7.0942	 38.5267	  7.0942	 35.5075	 38.5267	 35.5075
     2_dyn004_a	      27	  7.0098	 29.5928	  7.0098	 31.5792	 29.5928	 31.5792
     2_dyn004_a	      28	  7.4183	 49.6724	  7.4183	 53.2357	 49.6724	 53.2357
     2_dyn004_a	      29	  6.6679	 55.8083	  6.6679	 51.3235	 55.8083	 51.3235
     2_dyn004_a	      30	  6.8943	 74.7584	  6.8943	 70.7157	 74.7584	 70.7157
     2_dyn004_a	      31	  5.9907	 76.5243	  5.9907	 78.2836	 76.5243	 78.2836
     2_dyn004_a	      32	  5.9490	 60.5885	  5.9490	 62.2813	 60.5885	 62.2813
     2_dyn004_a	      33	  6.4672	 28.7513	  6.4672	 34.3718	 28.7513	 34.3718
     2_dyn004_a	      34	  7.1860	 35.1601	  7.1860	 30.8355	 35.1601	 30.8355
     2_dyn004_a	      35	  6.8647	 80.6089	  6.8647	 75.5942	 80.6089	 75.5942
     2_dyn004_a	      36	  6.8666	 41.3043	  6.8666	 47.6551	 41.3043	 47.6551
     2_dyn004_a	      37	  5.6310	 39.5029	  5.6310	 42.8246	 39.5029	 42.8246
     2_dyn004_a	      38	  6.5933	 50.2088	  6.5933	 56.5003	 50.2088	 56.5003
     2_dyn004_a	      39	  5.4942	 35.2782	  5.4942	 34.8225	 35.2782	 34.8225
     2_dyn004_a	      40	  6.8379	 41.9389	  6.8379	 40.5843	 41.9389	 40.5843
     2_dyn004_a	      41	  7.3516	 68.8055	  7.3516	 75.2796	 68.8055	 75.2796
     2_dyn004_a	      42	  6.3719	 44.0592	  6.3719	 49.1902	 44.0592	 49.1902
     2_dyn004_a	      43	  6.4350	 45.2894	  6.4350	 47.6669	 45.2894	 47.6669
     2_dyn004_a	      44	  7.2324	 39.5048	  7.2324	 42.9581	 39.5048	 42.9581
     2_dyn004_a	      45	  7.1376	 40.5273	  7.1376	 43.5165	 40.5273	 43.5165
     2_dyn004_a	      46	  7.1879	 37.1963	  7.1879	 35.5507	 37.1963	 35.5507
     2_dyn004_a	      47	  6.6037	 33.2251	  6.6037	 33.1935	 33.2251	 33.1935
     2_dyn004_a	      48	  7.3032	 31.3342	  7.3032	 34.7232	 31.3342	 34.7232
     2_dyn004_a	      49	  7.1826	 32.2326	  7.1826	 36.1828	 32.2326	 36.1828
     2_dyn004_b	       0	  6.7590	 34.7666	  6.7590	 35.7618	 34.7666	 35.7618
     2_dyn004_b	       1	  6.9428	 34.4449	  6.9428	 34.2197	 34.4449	 34.2197
     2_dyn004_b	       2	  7.4613	 37.1634	  7.4613	 35.6348	 37.1634	 35.6348
     2_dyn004_b	       3	  7.4377	 33.7932	  7.4377	 33.5100	 33.7932	 33.5100
     2_dyn004_b	       4	  7.3696	 37.4977	  7.3696	 36.9605	 37.4977	 36.9605
     2_dyn004_b	       5	  7.3805	 36.8781	  7.3805	 35.0239	 36.8781	 35.0239
     2_dyn004_b	       6	  7.3701	 33.8518	  7.3701	 31.6287	 33.8518	 31.6287
     2_dyn004_b	       7	  7.0119	 33.6226	  7.0119	 31.8040	 33.6226	 31.8040
     2_dyn004_b	       8	  7.3873	 35.2374	  7.3873	 33.2686	 35.2374	 33.2686
     2_dyn004_b	       9	  7.1892	 33.0160	  7.1892	 33.1777	 33.0160	 33.1777
     2_dyn004_b	      10	  7.3117	 29.9047	  7.3117	 31.0183	 29.9047	 31.0183
     2_dyn004_b	      11	  6.8135	 25.8925	  6.8135	 27.5918	 25.8925	 27.5918
     2_dyn004_b	      12	  6.8611	 27.7085	  6.8611	 26.4203	 27.7085	 26.4203
     2_dyn004_b	      13	  6.7948	 26.8288	  6.7948	 25.4733	 26.8288	 25.4733
     2_dyn004_b	      14	  6.8998	 24.8834	  6.8998	 25.6502	 24.8834	 25.6502
     2_dyn004_b	      15	  7.0621	 28.3282	  7.0621	 24.7294	 28.3282	 24.7294
     2_dyn004_b	      16	  6.3922	 30.0558	  6.3922	 25.0539	 30.0558	 25.0539
     2_dyn004_b	      17	  7.0305	 31.9167	  7.0305	 26.6526	 31.9167	 26.6526
     2_dyn004_b	      18	  6.6046	 30.1857	  6.6046	 25.0157	 30.1857	 25.0157
     2_dyn004_b	      19	  6.8227	 32.2343	  6.8227	 27.3202	 32.2343	 27.3202
     2_dyn004_b	      20	  7.2469	 27.5376	  7.2469	 22.2168	 27.5376	 22.2168
     2_dyn004_b	      21	  6.4815	 32.4818	  6.4815	 26.9781	 32.4818	 26.9781
     2_dyn004_b	      22	  6.8573	 31.1588	  6.8573	 25.3149	 31.1588	 25.3149
     2_dyn004_b	      23	  7.0463	 32.8388	  7.0463	 27.5370	 32.8388	 27.5370
     2_dyn004_b	      24	  6.9894	 38.0243	  6.9894	 32.7103	 38.0243	 32.7103
     2_dyn004_b	      25	  6.6826	 39.7116	  6.6826	 35.3454	 39.7116	 35.3454
     2_dyn004_b	      26	  6.7043	 43.6062	  6.7043	 39.6998	 43.6062	 39.6998
     2_dyn004_b	      27	  7.1908	 47.0916	  7.1908	 44.8939	 47.0916	 44.8939
     2_dyn004_b	      28	  6.9346	 51.3226	  6.9346	 46.6743	 51.3226	 46.6743
     2_dyn004_b	      29	  6.9254	 50.9619	  6.9254	 48.7340	 50.9619	 48.7340
     2_dyn004_b	      30	  6.9895	 52.9101	  6.9895	 48.4910	 52.9101	 48.4910
     2_dyn004_b	      31	  6.8495	 51.4562	  6.8495	 47.7529	 51.4562	 47.7529
     2_dyn004_b	      32	  6.9534	 49.2853	  6.9534	 46.6568	 49.2853	 46.6568
     2_dyn004_b	      33	  7.1313	 47.1311	  7.1313	 42.8390	 47.1311	 42.8390
     2_dyn004_b	      34	  7.1498	 51.1810	  7.1498	 47.2868	 51.1810	 47.2868
     2_dyn004_b	      35	  6.9951	 51.7149	  6.9951	 48.6482	 51.7149	 48.6482
     2_dyn004_b	      36	  7.3092	 53.7729	  7.3092	 51.3733	 53.7729	 51.3733
     2_dyn004_b	      37	  6.8509	 52.4701	  6.8509	 49.7468	 52.4701	 49.7468
     2_dyn004_b	      38	  6.9256	 47.0131	  6.9256	 43.9723	 47.0131	 43.9723
     2_dyn004_b	      39	  6.6938	 45.6429	  6.6938	 43.3964	 45.6429	 43.3964
     2_dyn004_b	      40	  7.1595	 47.7938	  7.1595	 44.6706	 47.7938	 44.6706
     2_dyn004_b	      41	  6.9481	 49.0225	  6.9481	 44.0340	 49.0225	 44.0340
     2_dyn004_b	      42	  6.7255	 46.1319	  6.7255	 40.8571	 46.1319	 40.8571
     2_dyn004_b	      43	  7.0608	 46.2125	  7.0608	 45.1171	 46.2125	 45.1171
     2_dyn004_b	      44	  6.8237	 43.3489	  6.8237	 40.7965	 43.3489	 40.7965
     2_dyn004_b	      45	  6.9543	 40.4933	  6.9543	 37.9152	 40.4933	 37.9152
     2_dyn004_b	      46	  6.7037	 36.1266	  6.7037	 34.9970	 36.1266	 34.9970
     2_dyn004_b	      47	  7.0092	 40.7296	  7.0092	 36.8072	 40.7296	 36.8072
     2_dyn004_b	      48	  7.1839	 37.5204	  7.1839	 33.8386	 37.5204	 33.8386
     2_dyn004_b	      49	  7.2290	 39.3744	  7.2290	 38.5317	 39.3744	 38.5317
     2_dyn005_a	       0	  6.9999	 39.6390	  6.9999	 36.2356	 39.6390	 36.2356
     2_dyn005_a	       1	  7.3767	 35.4738	  7.3767	 30.0273	 35.4738	 30.0273
     2_dyn005_a	       2	  6.8238	 37.8672	  6.8238	 31.0671	 37.8672	 31.0671
     2_dyn005_a	       3	  6.6592	 39.5755	  6.6592	 33.3223	 39.5755	 33.3223
     2_dyn005_a	       4	  6.2687	 38.0028	  6.2687	 36.5705	 38.0028	 36.5705
     2_dyn005_a	       5	  6.7976	 32.8368	  6.7976	 30.1345	 32.8368	 30.1345
     2_dyn005_a	       6	  6.5674	 26.8755	  6.5674	 29.2683	 26.8755	 29.2683
     2_dyn005_a	       7	  6.7474	 27.6642	  6.7474	 32.1411	 27.6642	 32.1411
     2_dyn005_a	       8	  6.9619	 35.4226	  6.9619	 34.1897	 35.4226	 34.1897
     2_dyn005_a	       9	  5.6065	 37.0358	  5.6065	 40.7938	 37.0358	 40.7938
     2_dyn005_a	      10	  6.7192	 36.6049	  6.7192	 41.2456	 36.6049	 41.2456
     2_dyn005_a	      11	  6.9632	 32.7168	  6.9632	 36.3128	 32.7168	 36.3128
     2_dyn005_a	      12	  7.0544	 45.5660	  7.0544	 44.2944	 45.5660	 44.2944
     2_dyn005_a	      13	  6.8543	 38.7643	  6.8543	 35.6231	 38.7643	 35.6231
     2_dyn005_a	      14	  7.3960	 32.5366	  7.3960	 27.1731	 32.5366	 27.1731
     2_dyn005_a	      15	  6.6838	 27.3115	  6.6838	 21.1852	 27.3115	 21.1852
     2_dyn005_a	      16	  6.1849	 56.1750	  6.1849	 55.3920	 56.1750	 55.3920
     2_dyn005_a	      17	  7.7123	 45.7789	  7.7123	 43.7883	 45.7789	 43.7883
     2_dyn005_a	      18	  6.6666	 67.9465	  6.6666	 69.0713	 67.9465	 69.0713
     2_dyn005_a	      19	  6.7450	 72.7136	  6.7450	 72.9206	 72.7136	 72.9206
     2_dyn005_a	      20	  6.9935	 35.4726	  6.9935	 36.3951	 35.4726	 36.3951
     2_dyn005_a	      21	  5.6787	 30.5918	  5.6787	 31.2082	 30.5918	 31.2082
     2_dyn005_a	      22	  6.1797	 45.6347	  6.1797	 50.1221	 45.6347	 50.1221
     2_dyn005_a	      23	  6.2999	 68.9050	  6.2999	 72.2838	 68.9050	 72.2838
     2_dyn005_a	      24	  5.5906	 50.5004	  5.5906	 51.8300	 50.5004	 51.8300
     2_dyn005_a	      25	  6.6176	 59.3822	  6.6176	 65.2943	 59.3822	 65.2943
     2_dyn005_a	      26	  5.2933	 36.9779	  5.2933	 40.8652	 36.9779	 40.8652
     2_dyn005_a	      27	  7.3959	 47.9502	  7.3959	 54.8308	 47.9502	 54.8308
     2_dyn005_a	      28	  6.1338	 41.4060	  6.1338	 38.3046	 41.4060	 38.3046
     2_dyn005_a	      29	  5.6020	 46.1572	  5.6020	 44.6206	 46.1572	 44.6206
     2_dyn005_a	      30	  6.8262	 59.7252	  6.8262	 55.2087	 59.7252	 55.2087
     2_dyn005_a	      31	  6.2715	 33.7364	  6.2715	 35.7738	 33.7364	 35.7738
     2_dyn005_a	      32	  7.0635	 36.1736	  7.0635	 37.6504	 36.1736	 37.6504
     2_dyn005_a	      33	  7.0197	 42.0614	  7.0197	 47.2357	 42.0614	 47.2357
     2_dyn005_a	      34	  5.5541	 80.9564	  5.5541	 86.4805	 80.9564	 86.4805
     2_dyn005_a	      35	  5.7471	 77.0159	  5.7471	 74.0980	 77.0159	 74.0980
     2_dyn005_a	      36	  6.7856	 93.4313	  6.7856	 86.9831	 93.4313	 86.9831
     2_dyn005_a	      37	  7.2749	 63.9843	  7.2749	 62.9199	 63.9843	 62.9199
     2_dyn005_a	      38	  6.9185	 37.2078	  6.9185	 37.7818	 37.2078	 37.7818
     2_dyn005_a	      39	  7.0119	 66.1635	  7.0119	 72.4121	 66.1635	 72.4121
     2_dyn005_a	      40	  6.3709	 90.8187	  6.3709	 92.7420	 90.8187	 92.7420
     2_dyn005_a	      41	  7.0567	 82.6305	  7.0567	 84.1383	 82.6305	 84.1383
     2_dyn005_a	      42	  6.5434	 55.1568	  6.5434	 61.0191	 55.1568	 61.0191
     2_dyn005_a	      43	  5.4312	 64.6153	  5.4312	 63.8853	 64.6153	 63.8853
     2_dyn005_a	      44	  5.6723	 97.4921	  5.6723	 95.0139	 97.4921	 95.0139
     2_dyn005_a	      45	  5.7938	 99.6424	  5.7938	 97.5215	 99.6424	 97.5215
     2_dyn005_a	      46	  5.4532	 91.8070	  5.4532	 90.5331	 91.8070	 90.5331
     2_dyn005_a	      47	  5.9064	 56.7261	  5.9064	 53.3208	 56.7261	 53.3208
     2_dyn005_a	      48	  5.5801	 63.3805	  5.5801	 61.5489	 63.3805	 61.5489
     2_dyn005_a	      49	  6.0252	 64.9991	  6.0252	 62.8709	 64.9991	 62.8709
     2_dyn005_b	       0	  5.7008	 59.9486	  5.7008	 56.8142	 59.9486	 56.8142
     2_dyn005_b	       1	  5.4807	 53.5787	  5.4807	 54.3844	 53.5787	 54.3844
     2_dyn005_b	       2	  5.8457	 49.6645	  5.8457	 53.9495	 49.6645	 53.9495
     2_dyn005_b	       3	  5.8584	 87.2949	  5.8584	 88.6562	 87.2949	 88.6562
     2_dyn005_b	       4	  5.7117	 90.9991	  5.7117	 91.4913	 90.9991	 91.4913
     2_dyn005_b	       5	  5.8696	 86.9780	  5.8696	 88.2605	 86.9780	 88.2605
     2_dyn005_b	       6	  5.7189	 81.0612	  5.7189	 81.0393	 81.0612	 81.0393
     2_dyn005_b	       7	  5.8738	 92.7818	  5.8738	 96.2957	 92.7818	 96.2957
     2_dyn005_b	       8	  6.1652	 84.7223	  6.1652	 82.9928	 84.7223	 82.9928
     2_dyn005_b	       9	  5.6641	 59.5649	  5.6641	 59.4618	 59.5649	 59.4618
     2_dyn005_b	      10	  5.8641	 50.2609	  5.8641	 48.3152	 50.2609	 48.3152
     2_dyn005_b	      11	  5.9175	 54.7229	  5.9175	 53.3723	 54.7229	 53.3723
     2_dyn005_b	      12	  7.2926	 49.4890	  7.2926	 50.1577	 49.4890	 50.1577
     2_dyn005_b	      13	  7.5008	 51.0900	  7.5008	 50.5334	 51.0900	 50.5334
     2_dyn005_b	      14	  7.2980	 51.7373	  7.2980	 52.6027	 51.7373	 52.6027
     2_dyn005_b	      15	  7.3781	 50.2628	  7.3781	 54.3289	 50.2628	 54.3289
     2_dyn005_b	      16	  7.4083	 58.3282	  7.4083	 62.6562	 58.3282	 62.6562
     2_dyn005_b	      17	  7.3146	 57.1325	  7.3146	 60.9360	 57.1325	 60.9360
     2_dyn005_b	      18	  7.3399	 57.8260	  7.3399	 61.4124	 57.8260	 61.4124
     2_dyn005_b	      19	  7.4231	 55.5782	  7.4231	 61.3420	 55.5782	 61.3420
     2_dyn005_b	      20	  7.3679	 60.2491	  7.3679	 64.6794	 60.2491	 64.6794
     2_dyn005_b	      21	  7.1302	 57.2078	  7.1302	 61.6765	 57.2078	 61.6765
     2_dyn005_b	      22	  7.1241	 50.5809	  7.1241	 56.5088	 50.5809	 56.5088
     2_dyn005_b	      23	  6.4697	 52.5941	  6.4697	 56.6931	 52.5941	 56.6931
     2_dyn005_b	      24	  7.0579	 49.6712	  7.0579	 55.2270	 49.6712	 55.2270
     2_dyn005_b	      25	  6.7759	 49.1969	  6.7759	 53.4430	 49.1969	 53.4430
     2_dyn005_b	      26	  6.5029	 50.7329	  6.5029	 53.3684	 50.7329	 53.3684
     2_dyn005_b	      27	  6.8929	 49.8259	  6.8929	 53.4006	 49.8259	 53.4006
     2_dyn005_b	      28	  6.1723	 48.7836	  6.1723	 50.2840	 48.7836	 50.2840
     2_dyn005_b	      29	  7.0776	 46.7261	  7.0776	 49.7877	 46.7261	 49.7877
     2_dyn005_b	      30	  7.3853	 46.3777	  7.3853	 47.6667	 46.3777	 47.6667
     2_dyn005_b	      31	  7.2446	 49.3254	  7.2446	 50.2061	 49.3254	 50.2061
     2_dyn005_b	      32	  7.4152	 50.6336	  7.4152	 51.7741	 50.6336	 51.7741
     2_dyn005_b	      33	  7.3617	 35.4406	  7.3617	 29.8989	 35.4406	 29.8989
     2_dyn005_b	      34	  7.2988	 37.5322	  7.2988	 34.6045	 37.5322	 34.6045
     2_dyn005_b	      35	  7.4711	 38.1817	  7.4711	 33.3900	 38.1817	 33.3900
     2_dyn005_b	      36	  7.3381	 40.2655	  7.3381	 36.3994	 40.2655	 36.3994
     2_dyn005_b	      37	  7.3204	 36.6351	  7.3204	 32.3684	 36.6351	 32.3684
     2_dyn005_b	      38	  7.2850	 33.9040	  7.2850	 29.7064	 33.9040	 29.7064
     2_dyn005_b	      39	  7.3330	 32.6103	  7.3330	 28.2777	 32.6103	 28.2777
     2_dyn005_b	      40	  6.6570	 35.6791	  6.6570	 31.5628	 35.6791	 31.5628
     2_dyn005_b	      41	  6.6840	 36.3116	  6.6840	 30.8175	 36.3116	 30.8175
     2_dyn005_b	      42	  6.4429	 32.5573	  6.4429	 26.1257	 32.5573	 26.1257
     2_dyn005_b	      43	  6.6741	 34.8295	  6.6741	 29.8254	 34.8295	 29.8254
     2_dyn005_b	      44	  7.3094	 33.0602	  7.3094	 27.0093	 33.0602	 27.0093
     2_dyn005_b	      45	  6.8056	 29.0254	  6.8056	 23.4781	 29.0254	 23.4781
     2_dyn005_b	      46	  6.9123	 25.8827	  6.9123	 19.2126	 25.8827	 19.2126
     2_dyn005_b	      47	  6.5338	 23.9437	  6.5338	 18.0369	 23.9437	 18.0369
     2_dyn005_b	      48	  6.3118	 28.0100	  6.3118	 22.0953	 28.0100	 22.0953
     2_dyn005_b	      49	  6.8010	 30.2519	  6.8010	 23.5230	 30.2519	 23.5230
     2_dyn006_a	       0	  6.7936	 58.7217	  6.7936	 63.1165	 58.7217	 63.1165
     2_dyn006_a	       1	  6.5701	 33.2653	  6.5701	 29.4108	 33.2653	 29.4108
     2_dyn006_a	       2	  6.0569	104.5319	  6.0569	110.3759	104.5319	110.3759
     2_dyn006_a	       3	  7.2758	 79.7830	  7.2758	 85.8057	 79.7830	 85.8057
     2_dyn006_a	       4	  7.4814	 83.8215	  7.4814	 81.0858	 83.8215	 81.0858
     2_dyn006_a	       5	  7.4000	 76.5523	  7.4000	 70.3609	 76.5523	 70.3609
     2_dyn006_a	       6	  7.6419	 74.5180	  7.6419	 72.5661	 74.5180	 72.5661
     2_dyn006_a	       7	  5.9296	 61.6134	  5.9296	 66.2431	 61.6134	 66.2431
     2_dyn006_a	       8	  6.7286	 66.9275	  6.7286	 69.8296	 66.9275	 69.8296
     2_dyn006_a	       9	  7.2897	 42.0357	  7.2897	 46.6285	 42.0357	 46.6285
     2_dyn006_a	      10	  6.8940	 73.2908	  6.8940	 76.4919	 73.2908	 76.4919
     2_dyn006_a	      11	  6.1348	 22.1292	  6.1348	 21.7444	 22.1292	 21.7444
     2_dyn006_a	      12	  5.6686	 27.7050	  5.6686	 22.7088	 27.7050	 22.7088
     2_dyn006_a	      13	  7.1171	 19.8127	  7.1171	 23.5251	 19.8127	 23.5251
     2_dyn006_a	      14	  5.3181	 35.7717	  5.3181	 34.8110	 35.7717	 34.8110
     2_dyn006_a	      15	  6.9330	106.9946	  6.9330	113.5361	106.9946	113.5361
     2_dyn006_a	      16	  5.8074	 87.9647	  5.8074	 83.7429	 87.9647	 83.7429
     2_dyn006_a	      17	  6.7724	 76.5239	  6.7724	 81.9017	 76.5239	 81.9017
     2_dyn006_a	      18	  7.0809	 50.3023	  7.0809	 50.5331	 50.3023	 50.5331
     2_dyn006_a	      19	  6.5280	 49.8032	  6.5280	 44.3377	 49.8032	 44.3377
     2_dyn006_a	      20	  7.0063	 46.7699	  7.0063	 48.1361	 46.7699	 48.1361
     2_dyn006_a	      21	  5.9227	 88.4263	  5.9227	 87.3569	 88.4263	 87.3569
     2_dyn006_a	      22	  7.3114	 46.9896	  7.3114	 53.6373	 46.9896	 53.6373
     2_dyn006_a	      23	  6.8438	 93.4159	  6.8438	 91.2811	 93.4159	 91.2811
     2_dyn006_a	      24	  6.5642	 43.9453	  6.5642	 44.0123	 43.9453	 44.0123
     2_dyn006_a	      25	  6.1077	 38.4828	  6.1077	 33.1998	 38.4828	 33.1998
     2_dyn006_a	      26	  6.6634	 51.1847	  6.6634	 52.8759	 51.1847	 52.8759
     2_dyn006_a	      27	  6.3893	 51.1303	  6.3893	 52.3722	 51.1303	 52.3722
     2_dyn006_a	      28	  6.3054	 63.3817	  6.3054	 65.7960	 63.3817	 65.7960
     2_dyn006_a	      29	  6.5246	 82.1423	  6.5246	 82.5029	 82.1423	 82.5029
     2_dyn006_a	      30	  7.4185	 59.3997	  7.4185	 53.0867	 59.3997	 53.0867
     2_dyn006_a	      31	  6.5500	 35.8193	  6.5500	 30.2634	 35.8193	 30.2634
     2_dyn006_a	      32	  6.5836	 17.8527	  6.5836	 11.8548	 17.8527	 11.8548
     2_dyn006_a	      33	  6.2772	 70.9178	  6.2772	 66.8835	 70.9178	 66.8835
     2_dyn006_a	      34	  6.5092	 27.3526	  6.5092	 21.8831	 27.3526	 21.8831
     2_dyn006_a	      35	  7.3938	 30.3153	  7.3938	 23.3271	 30.3153	 23.3271
     2_dyn006_a	      36	  5.8930	 32.5029	  5.8930	 28.7505	 32.5029	 28.7505
     2_dyn006_a	      37	  7.0266	 39.7186	  7.0266	 37.1752	 39.7186	 37.1752
     2_dyn006_a	      38	  6.6828	 80.3436	  6.6828	 86.4963	 80.3436	 86.4963
     2_dyn006_a	      39	  5.3859	 82.4699	  5.3859	 86.5615	 82.4699	 86.5615
     2_dyn006_a	      40	  5.5953	 74.8626	  5.5953	 79.3029	 74.8626	 79.3029
     2_dyn006_a	      41	  5.8073	 72.9881	  5.8073	 76.8485	 72.9881	 76.8485
     2_dyn006_a	      42	  5.9678	 26.9100	  5.9678	 25.2408	 26.9100	 25.2408
     2_dyn006_a	      43	  6.2512	 78.3244	  6.2512	 82.9516	 78.3244	 82.9516
     2_dyn006_a	      44	  5.6954	 70.2923	  5.6954	 74.4884	 70.2923	 74.4884
     2_dyn006_a	      45	  5.2884	 70.4815	  5.2884	 75.6404	 70.4815	 75.6404
     2_dyn006_a	      46	  6.9680	 69.1731	  6.9680	 75.3487	 69.1731	 75.3487
     2_dyn006_a	      47	  7.2316	 16.1645	  7.2316	 14.7335	 16.1645	 14.7335
     2_dyn006_a	      48	  6.9534	 21.4265	  6.9534	 18.6781	 21.4265	 18.6781
     2_dyn006_a	      49	  7.3182	 23.2535	  7.3182	 21.2963	 23.2535	 21.2963
     2_dyn006_b	       0	  7.3244	 24.5470	  7.3244	 24.0501	 24.5470	 24.0501
     2_dyn006_b	       1	  7.0877	 26.1350	  7.0877	 26.5798	 26.1350	 26.5798
     2_dyn006_b	       2	  7.3301	 99.7543	  7.3301	106.1282	 99.7543	106.1282
     2_dyn006_b	       3	  6.7583	 99.8772	  6.7583	104.6937	 99.8772	104.6937
     2_dyn006_b	       4	  6.3495	103.4319	  6.3495	108.4644	103.4319	108.4644
     2_dyn006_b	       5	  7.2483	104.7161	  7.2483	111.2380	104.7161	111.2380
     2_dyn006_b	       6	  6.4501	105.7997	  6.4501	111.0515	105.7997	111.0515
     2_dyn006_b	       7	  7.1983	105.0444	  7.1983	110.1988	105.0444	110.1988
     2_dyn006_b	       8	  6.9774	 28.0381	  6.9774	 27.3148	 28.0381	 27.3148
     2_dyn006_b	       9	  7.2532	100.8265	  7.2532	107.1119	100.8265	107.1119
     2_dyn006_b	      10	  7.2017	102.4047	  7.2017	107.0402	102.4047	107.0402
     2_dyn006_b	      11	  6.6668	101.7756	  6.6668	106.2135	101.7756	106.2135
     2_dyn006_b	      12	  6.9595	 98.4097	  6.9595	103.8806	 98.4097	103.8806
     2_dyn006_b	      13	  6.4371	 81.5551	  6.4371	 85.3086	 81.5551	 85.3086
     2_dyn006_b	      14	  6.7861	 95.1285	  6.7861	 99.4487	 95.1285	 99.4487
     2_dyn006_b	      15	  7.4753	 80.1478	  7.4753	 84.4508	 80.1478	 84.4508
     2_dyn006_b	      16	  7.2902	 98.4991	  7.2902	104.8707	 98.4991	104.8707
     2_dyn006_b	      17	  6.8081	 98.8785	  6.8081	104.7274	 98.8785	104.7274
     2_dyn006_b	      18	  6.8971	 62.0873	  6.8971	 68.3797	 62.0873	 68.3797
     2_dyn006_b	      19	  6.8865	 62.2017	  6.8865	 68.9233	 62.2017	 68.9233
     2_dyn006_b	      20	  7.2341	 64.6082	  7.2341	 71.6825	 64.6082	 71.6825
     2_dyn006_b	      21	  7.2922	 64.6580	  7.2922	 71.2902	 64.6580	 71.2902
     2_dyn006_b	      22	  7.0927	102.6460	  7.0927	108.4595	102.6460	108.4595
     2_dyn006_b	      23	  7.4700	 27.1923	  7.4700	 27.5077	 27.1923	 27.5077
     2_dyn006_b	      24	  7.4107	 77.0759	  7.4107	 77.4277	 77.0759	 77.4277
     2_dyn006_b	      25	  7.6413	 76.5308	  7.6413	 81.5802	 76.5308	 81.5802
     2_dyn006_b	      26	  7.4268	 97.3710	  7.4268	104.5147	 97.3710	104.5147
     2_dyn006_b	      27	  7.4664	 81.8198	  7.4664	 83.6492	 81.8198	 83.6492
     2_dyn006_b	      28	  7.3654	 24.4139	  7.3654	 25.1102	 24.4139	 25.1102
     2_dyn006_b	      29	  7.4906	 19.7388	  7.4906	 21.2135	 19.7388	 21.2135
     2_dyn006_b	      30	  7.4390	 19.2166	  7.4390	 17.8700	 19.2166	 17.8700
     2_dyn006_b	      31	  7.4358	 70.7745	  7.4358	 73.5191	 70.7745	 73.5191
     2_dyn006_b	      32	  7.1359	 94.7888	  7.1359	101.8828	 94.7888	101.8828
     2_dyn006_b	      33	  7.1000	 20.8675	  7.1000	 14.4754	 20.8675	 14.4754
     2_dyn006_b	      34	  6.7457	 88.1124	  6.7457	 94.5136	 88.1124	 94.5136
     2_dyn006_b	      35	  6.9498	 83.7474	  6.9498	 87.5766	 83.7474	 87.5766
     2_dyn006_b	      36	  6.8774	 84.1007	  6.8774	 88.0653	 84.1007	 88.0653
     2_dyn006_b	      37	  7.0865	 81.8734	  7.0865	 86.1432	 81.8734	 86.1432
     2_dyn006_b	      38	  6.9191	 80.7350	  6.9191	 85.8709	 80.7350	 85.8709
     2_dyn006_b	      39	  7.0461	 80.6279	  7.0461	 86.2651	 80.6279	 86.2651
     2_dyn006_b	      40	  6.9392	 59.7243	  6.9392	 61.0335	 59.7243	 61.0335
     2_dyn006_b	      41	  6.9905	 60.1569	  6.9905	 57.6415	 60.1569	 57.6415
     2_dyn006_b	      42	  6.9982	 58.8369	  6.9982	 57.9232	 58.8369	 57.9232
     2_dyn006_b	      43	  7.0265	 56.4321	  7.0265	 56.5427	 56.4321	 56.5427
     2_dyn006_b	      44	  6.4894	 84.3827	  6.4894	 88.5785	 84.3827	 88.5785
     2_dyn006_b	      45	  7.0744	 86.1847	  7.0744	 91.4823	 86.1847	 91.4823
     2_dyn006_b	      46	  6.9509	 86.0495	  6.9509	 91.5118	 86.0495	 91.5118
     2_dyn006_b	      47	  6.9679	 88.9870	  6.9679	 93.0042	 88.9870	 93.0042
     2_dyn006_b	      48	  6.6457	 88.7297	  6.6457	 93.1853	 88.7297	 93.1853
     2_dyn006_b	      49	  7.0584	 85.7447	  7.0584	 91.6282	 85.7447	 91.6282
     2_dyn007_a	       0	  6.6957	 55.4384	  6.6957	 59.7205	 55.4384	 59.7205
     2_dyn007_a	       1	  6.9163	 61.1980	  6.9163	 66.5633	 61.1980	 66.5633
     2_dyn007_a	       2	  6.7870	 61.2548	  6.7870	 67.0131	 61.2548	 67.0131
     2_dyn007_a	       3	  6.9282	 67.2342	  6.9282	 73.1140	 67.2342	 73.1140
     2_dyn007_a	       4	  6.9920	 87.0707	  6.9920	 91.5059	 87.0707	 91.5059
     2_dyn007_a	       5	  6.9833	 77.0416	  6.9833	 80.4523	 77.0416	 80.4523
     2_dyn007_a	       6	  6.9380	 51.4579	  6.9380	 48.9279	 51.4579	 48.9279
     2_dyn007_a	       7	  6.6334	 47.1073	  6.6334	 43.1301	 47.1073	 43.1301
     2_dyn007_a	       8	  7.0916	 43.1973	  7.0916	 38.7538	 43.1973	 38.7538
     2_dyn007_a	       9	  6.6099	 39.7743	  6.6099	 37.2076	 39.7743	 37.2076
     2_dyn007_a	      10	  5.6776	 46.1482	  5.6776	 51.1479	 46.1482	 51.1479
     2_dyn007_a	      11	  5.9077	 62.1791	  5.9077	 62.5597	 62.1791	 62.5597
     2_dyn007_a	      12	  7.0950	 46.5430	  7.0950	 53.4363	 46.5430	 53.4363
     2_dyn007_a	      13	  6.2350	 41.8921	  6.2350	 41.6777	 41.8921	 41.6777
     2_dyn007_a	      14	  6.4669	 40.8405	  6.4669	 34.6717	 40.8405	 34.6717
     2_dyn007_a	      15	  7.2139	 86.4589	  7.2139	 83.7634	 86.4589	 83.7634
     2_dyn007_a	      16	  7.2281	 45.9729	  7.2281	 44.1330	 45.9729	 44.1330
     2_dyn007_a	      17	  7.1159	 35.1113	  7.1159	 33.2785	 35.1113	 33.2785
     2_dyn007_a	      18	  7.2964	 70.7588	  7.2964	 66.9575	 70.7588	 66.9575
     2_dyn007_a	      19	  6.7415	 46.0982	  6.7415	 42.9479	 46.0982	 42.9479
     2_dyn007_a	      20	  5.8914	 92.0862	  5.8914	 92.9796	 92.0862	 92.9796
     2_dyn007_a	      21	  6.3452	 40.2053	  6.3452	 36.9500	 40.2053	 36.9500
     2_dyn007_a	      22	  5.7942	 27.3140	  5.7942	 25.7516	 27.3140	 25.7516
     2_dyn007_a	      23	  5.1230	 35.8184	  5.1230	 34.2451	 35.8184	 34.2451
     2_dyn007_a	      24	  5.3969	 53.9783	  5.3969	 55.0804	 53.9783	 55.0804
     2_dyn007_a	      25	  7.3887	 79.3155	  7.3887	 72.1704	 79.3155	 72.1704
     2_dyn007_a	      26	  5.5849	 59.4805	  5.5849	 55.3039	 59.4805	 55.3039
     2_dyn007_a	      27	  7.3696	 69.1143	  7.3696	 64.2011	 69.1143	 64.2011
     2_dyn007_a	      28	  7.4383	 69.1689	  7.4383	 72.7113	 69.1689	 72.7113
     2_dyn007_a	      29	  6.1826	 83.8123	  6.1826	 84.4826	 83.8123	 84.4826
     2_dyn007_a	      30	  5.4483	 39.8362	  5.4483	 43.9457	 39.8362	 43.9457
     2_dyn007_a	      31	  6.1244	 97.3751	  6.1244	 92.1659	 97.3751	 92.1659
     2_dyn007_a	      32	  6.7437	 56.1931	  6.7437	 58.2691	 56.1931	 58.2691
     2_dyn007_a	      33	  7.0826	 52.6707	  7.0826	 59.2322	 52.6707	 59.2322
     2_dyn007_a	      34	  7.0780	 88.5830	  7.0780	 85.3487	 88.5830	 85.3487
     2_dyn007_a	      35	  6.7431	 59.2228	  6.7431	 63.6309	 59.2228	 63.6309
     2_dyn007_a	      36	  6.6533	 77.5819	  6.6533	 72.2394	 77.5819	 72.2394
     2_dyn007_a	      37	  6.9414	 38.1257	  6.9414	 40.3633	 38.1257	 40.3633
     2_dyn007_a	      38	  7.2455	 47.3162	  7.2455	 41.0813	 47.3162	 41.0813
     2_dyn007_a	      39	  6.2471	 41.5542	  6.2471	 35.3989	 41.5542	 35.3989
     2_dyn007_a	      40	  5.4884	 29.6804	  5.4884	 24.7548	 29.6804	 24.7548
     2_dyn007_a	      41	  5.9701	 27.9159	  5.9701	 25.2708	 27.9159	 25.2708
     2_dyn007_a	      42	  7.5298	 34.7609	  7.5298	 34.3506	 34.7609	 34.3506
     2_dyn007_a	      43	  5.8390	 31.1331	  5.8390	 29.9715	 31.1331	 29.9715
     2_dyn007_a	      44	  5.5103	 40.5334	  5.5103	 39.2251	 40.5334	 39.2251
     2_dyn007_a	      45	  7.4260	 45.7675	  7.4260	 42.9904	 45.7675	 42.9904
     2_dyn007_a	      46	  7.2975	111.7099	  7.2975	117.4429	111.7099	117.4429
     2_dyn007_a	      47	  7.3314	 93.6599	  7.3314	 99.1689	 93.6599	 99.1689
     2_dyn007_a	      48	  6.8502	 87.6007	  6.8502	 90.5114	 87.6007	 90.5114
     2_dyn007_a	      49	  7.5106	 74.6112	  7.5106	 76.0331	 74.6112	 76.0331
     2_dyn007_b	       0	  7.5781	 86.9200	  7.5781	 91.6878	 86.9200	 91.6878
     2_dyn007_b	       1	  7.3069	 87.2698	  7.3069	 88.0948	 87.2698	 88.0948
     2_dyn007_b	       2	  7.4861	 71.1369	  7.4861	 69.1695	 71.1369	 69.1695
     2_dyn007_b	       3	  7.2943	 71.2925	  7.2943	 68.4071	 71.2925	 68.4071
     2_dyn007_b	       4	  7.2709	 37.9829	  7.2709	 30.7304	 37.9829	 30.7304
     2_dyn007_b	       5	  7.3900	 90.2639	  7.3900	 95.4276	 90.2639	 95.4276
     2_dyn007_b	       6	  7.3610	 83.0489	  7.3610	 81.0368	 83.0489	 81.0368
     2_dyn007_b	       7	  6.0766	 90.3691	  6.0766	 92.4473	 90.3691	 92.4473
     2_dyn007_b	       8	  6.0734	 43.5157	  6.0734	 37.9344	 43.5157	 37.9344
     2_dyn007_b	       9	  6.4692	 41.8496	  6.4692	 35.5560	 41.8496	 35.5560
     2_dyn007_b	      10	  7.0425	 42.9932	  7.0425	 36.2221	 42.9932	 36.2221
     2_dyn007_b	      11	  6.3284	 42.4946	  6.3284	 36.5054	 42.4946	 36.5054
     2_dyn007_b	      12	  7.2817	 44.1345	  7.2817	 38.1964	 44.1345	 38.1964
     2_dyn007_b	      13	  7.4271	 40.9971	  7.4271	 34.2638	 40.9971	 34.2638
     2_dyn007_b	      14	  7.0557	 45.1080	  7.0557	 41.2692	 45.1080	 41.2692
     2_dyn007_b	      15	  6.6331	 39.9237	  6.6331	 37.0971	 39.9237	 37.0971
     2_dyn007_b	      16	  7.2533	 36.5024	  7.2533	 33.2304	 36.5024	 33.2304
     2_dyn007_b	      17	  7.2992	 42.1183	  7.2992	 35.4160	 42.1183	 35.4160
     2_dyn007_b	      18	  7.4993	 42.0302	  7.4993	 36.5279	 42.0302	 36.5279
     2_dyn007_b	      19	  7.3537	 43.5929	  7.3537	 39.0679	 43.5929	 39.0679
     2_dyn007_b	      20	  7.2436	 46.5136	  7.2436	 41.6035	 46.5136	 41.6035
     2_dyn007_b	      21	  7.3007	 44.8749	  7.3007	 38.0137	 44.8749	 38.0137
     2_dyn007_b	      22	  7.4169	 43.0416	  7.4169	 36.2866	 43.0416	 36.2866
     2_dyn007_b	      23	  7.3730	 44.3127	  7.3730	 38.4948	 44.3127	 38.4948
     2_dyn007_b	      24	  6.9898	 45.2890	  6.9898	 40.8491	 45.2890	 40.8491
     2_dyn007_b	      25	  7.2666	 43.8173	  7.2666	 38.5549	 43.8173	 38.5549
     2_dyn007_b	      26	  6.7882	 42.2862	  6.7882	 37.0000	 42.2862	 37.0000
     2_dyn007_b	      27	  7.4279	 40.3274	  7.4279	 33.4960	 40.3274	 33.4960
     2_dyn007_b	      28	  6.9556	 43.6544	  6.9556	 38.5285	 43.6544	 38.5285
     2_dyn007_b	      29	  7.0499	 45.3826	  7.0499	 39.7810	 45.3826	 39.7810
     2_dyn007_b	      30	  6.7115	 45.0447	  6.7115	 41.6434	 45.0447	 41.6434
     2_dyn007_b	      31	  7.3578	 49.7911	  7.3578	 45.1920	 49.7911	 45.1920
     2_dyn007_b	      32	  7.4689	 50.6840	  7.4689	 44.8164	 50.6840	 44.8164
     2_dyn007_b	      33	  7.2921	 49.6550	  7.2921	 45.1379	 49.6550	 45.1379
     2_dyn007_b	      34	  7.0482	 47.8778	  7.0482	 44.1834	 47.8778	 44.1834
     2_dyn007_b	      35	  7.1142	 48.1037	  7.1142	 43.8028	 48.1037	 43.8028
     2_dyn007_b	      36	  6.6551	 49.7530	  6.6551	 43.5530	 49.7530	 43.5530
     2_dyn007_b	      37	  6.5120	 47.5880	  6.5120	 41.7857	 47.5880	 41.7857
     2_dyn007_b	      38	  6.7163	 44.8210	  6.7163	 43.4200	 44.8210	 43.4200
     2_dyn007_b	      39	  6.7481	 41.0309	  6.7481	 40.2002	 41.0309	 40.2002
     2_dyn007_b	      40	  7.4298	 34.3440	  7.4298	 36.0924	 34.3440	 36.0924
     2_dyn007_b	      41	  7.4545	 41.1250	  7.4545	 44.5461	 41.1250	 44.5461
     2_dyn007_b	      42	  7.2418	 40.0693	  7.2418	 39.7951	 40.0693	 39.7951
     2_dyn007_b	      43	  7.3560	 41.6298	  7.3560	 39.9313	 41.6298	 39.9313
     2_dyn007_b	      44	  6.6366	 47.1415	  6.6366	 46.0271	 47.1415	 46.0271
     2_dyn007_b	      45	  7.6045	 56.2726	  7.6045	 57.8409	 56.2726	 57.8409
     2_dyn007_b	      46	  7.2052	 59.1231	  7.2052	 56.0910	 59.1231	 56.0910
     2_dyn007_b	      47	  6.7315	 57.7005	  6.7315	 57.2497	 57.7005	 57.2497
     2_dyn007_b	      48	  6.6526	 54.1893	  6.6526	 51.8826	 54.1893	 51.8826
     2_dyn007_b	      49	  7.0199	 60.3641	  7.0199	 59.9681	 60.3641	 59.9681
     2_dyn008_a	       0	  6.2109	 62.8540	  6.2109	 59.7894	 62.8540	 59.7894
     2_dyn008_a	       1	  6.9994	 59.3164	  6.9994	 53.5814	 59.3164	 53.5814
     2_dyn008_a	       2	  6.3487	 59.7832	  6.3487	 57.1581	 59.7832	 57.1581
     2_dyn008_a	       3	  7.4349	 43.5936	  7.4349	 45.0981	 43.5936	 45.0981
     2_dyn008_a	       4	  7.4727	 43.4911	  7.4727	 37.7515	 43.4911	 37.7515
     2_dyn008_a	       5	  5.7887	 54.0382	  5.7887	 52.1620	 54.0382	 52.1620
     2_dyn008_a	       6	  5.5858	 56.6409	  5.5858	 52.0326	 56.6409	 52.0326
     2_dyn008_a	       7	  5.6909	 43.8181	  5.6909	 42.5900	 43.8181	 42.5900
     2_dyn008_a	       8	  5.5524	 48.1899	  5.5524	 48.5299	 48.1899	 48.5299
     2_dyn008_a	       9	  7.0230	 41.2612	  7.0230	 41.9463	 41.2612	 41.9463
     2_dyn008_a	      10	  4.7563	 39.7425	  4.7563	 40.8035	 39.7425	 40.8035
     2_dyn008_a	      11	  6.9490	 51.2069	  6.9490	 54.9947	 51.2069	 54.9947
     2_dyn008_a	      12	  6.7434	 37.7280	  6.7434	 35.3575	 37.7280	 35.3575
     2_dyn008_a	      13	  7.0693	 61.1181	  7.0693	 57.8247	 61.1181	 57.8247
     2_dyn008_a	      14	  6.0243	 44.2404	  6.0243	 39.0483	 44.2404	 39.0483
     2_dyn008_a	      15	  5.7059	 29.5875	  5.7059	 27.7274	 29.5875	 27.7274
     2_dyn008_a	      16	  7.0535	 27.2754	  7.0535	 28.8629	 27.2754	 28.8629
     2_dyn008_a	      17	  6.2370	 23.1446	  6.2370	 19.3133	 23.1446	 19.3133
     2_dyn008_a	      18	  7.0712	 31.9651	  7.0712	 27.4505	 31.9651	 27.4505
     2_dyn008_a	      19	  4.9838	 31.6244	  4.9838	 28.3594	 31.6244	 28.3594
     2_dyn008_a	      20	  5.8430	 31.1200	  5.8430	 29.5487	 31.1200	 29.5487
     2_dyn008_a	      21	  7.2514	 46.4183	  7.2514	 47.7504	 46.4183	 47.7504
     2_dyn008_a	      22	  5.6555	 49.1848	  5.6555	 46.5703	 49.1848	 46.5703
     2_dyn008_a	      23	  5.3859	 41.5705	  5.3859	 43.8423	 41.5705	 43.8423
     2_dyn008_a	      24	  5.4430	 37.7373	  5.4430	 41.8439	 37.7373	 41.8439
     2_dyn008_a	      25	  5.3775	 44.5682	  5.3775	 49.1290	 44.5682	 49.1290
     2_dyn008_a	      26	  7.0707	 38.1410	  7.0707	 44.1399	 38.1410	 44.1399
     2_dyn008_a	      27	  5.4225	 33.1537	  5.4225	 38.5708	 33.1537	 38.5708
     2_dyn008_a	      28	  7.0050	 25.2276	  7.0050	 23.7192	 25.2276	 23.7192
     2_dyn008_a	      29	  7.1999	 22.4700	  7.1999	 28.7292	 22.4700	 28.7292
     2_dyn008_a	      30	  7.1483	 10.8738	  7.1483	 16.6828	 10.8738	 16.6828
     2_dyn008_a	      31	  6.2550	 10.8814	  6.2550	  8.9410	 10.8814	  8.9410
     2_dyn008_a	      32	  6.6729	 19.1497	  6.6729	 18.2894	 19.1497	 18.2894
     2_dyn008_a	      33	  6.4472	 14.3605	  6.4472	 16.9749	 14.3605	 16.9749
     2_dyn008_a	      34	  6.8705	 17.1344	  6.8705	 16.5454	 17.1344	 16.5454
     2_dyn008_a	      35	  7.1227	 19.0369	  7.1227	 23.5005	 19.0369	 23.5005
     2_dyn008_a	      36	  5.6947	 15.1126	  5.6947	 20.3579	 15.1126	 20.3579
     2_dyn008_a	      37	  6.7257	 20.8433	  6.7257	 21.3159	 20.8433	 21.3159
     2_dyn008_a	      38	  6.7807	 19.3144	  6.7807	 21.6463	 19.3144	 21.6463
     2_dyn008_a	      39	  7.5854	 19.9149	  7.5854	 24.3014	 19.9149	 24.3014
     2_dyn008_a	      40	  7.4190	 18.3217	  7.4190	 17.9118	 18.3217	 17.9118
     2_dyn008_a	      41	  7.2432	 22.1069	  7.2432	 19.3347	 22.1069	 19.3347
     2_dyn008_a	      42	  7.5434	 18.8160	  7.5434	 23.4003	 18.8160	 23.4003
     2_dyn008_a	      43	  6.8338	 20.7889	  6.8338	 24.6663	 20.7889	 24.6663
     2_dyn008_a	      44	  7.5108	 18.3329	  7.5108	 23.5775	 18.3329	 23.5775
     2_dyn008_a	      45	  6.6300	 19.8177	  6.6300	 20.6400	 19.8177	 20.6400
     2_dyn008_a	      46	  6.4047	 18.0474	  6.4047	 17.6714	 18.0474	 17.6714
     2_dyn008_a	      47	  6.5380	 14.3935	  6.5380	 19.0814	 14.3935	 19.0814
     2_dyn008_a	      48	  6.4898	 14.0985	  6.4898	 18.8461	 14.0985	 18.8461
     2_dyn008_a	      49	  7.0131	 17.1572	  7.0131	 24.0986	 17.1572	 24.0986
     2_dyn008_b	       0	  6.5798	 18.2667	  6.5798	 19.6642	 18.2667	 19.6642
     2_dyn008_b	       1	  6.7855	 17.7400	  6.7855	 19.3220	 17.7400	 19.3220
     2_dyn008_b	       2	  6.3699	 16.9502	  6.3699	 21.1151	 16.9502	 21.1151
     2_dyn008_b	       3	  6.4736	 20.0269	  6.4736	 25.1860	 20.0269	 25.1860
     2_dyn008_b	       4	  6.2605	 23.9435	  6.2605	 27.7559	 23.9435	 27.7559
     2_dyn008_b	       5	  6.9277	 23.8275	  6.9277	 26.4205	 23.8275	 26.4205
     2_dyn008_b	       6	  7.1300	 20.1829	  7.1300	 25.0926	 20.1829	 25.0926
     2_dyn008_b	       7	  7.0023	 25.0324	  7.0023	 30.8072	 25.0324	 30.8072
     2_dyn008_b	       8	  7.2123	 24.2439	  7.2123	 29.7671	 24.2439	 29.7671
     2_dyn008_b	       9	  7.1163	 22.8168	  7.1163	 29.5895	 22.8168	 29.5895
     2_dyn008_b	      10	  5.9755	 21.5824	  5.9755	 27.3805	 21.5824	 27.3805
     2_dyn008_b	      11	  5.3594	 22.9725	  5.3594	 27.8571	 22.9725	 27.8571
     2_dyn008_b	      12	  5.2604	 25.7099	  5.2604	 30.3376	 25.7099	 30.3376
     2_dyn008_b	      13	  5.6604	 28.1380	  5.6604	 33.3602	 28.1380	 33.3602
     2_dyn008_b	      14	  5.4428	 31.3970	  5.4428	 36.8314	 31.3970	 36.8314
     2_dyn008_b	      15	  5.5656	 34.7065	  5.5656	 39.8089	 34.7065	 39.8089
     2_dyn008_b	      16	  5.8968	 32.8826	  5.8968	 38.5238	 32.8826	 38.5238
     2_dyn008_b	      17	  5.4642	 52.9839	  5.4642	 52.5218	 52.9839	 52.5218
     2_dyn008_b	      18	  5.7565	 31.4579	  5.7565	 35.7414	 31.4579	 35.7414
     2_dyn008_b	      19	  6.0517	 55.5850	  6.0517	 58.1429	 55.5850	 58.1429
     2_dyn008_b	      20	  5.9736	 51.9732	  5.9736	 55.5247	 51.9732	 55.5247
     2_dyn008_b	      21	  5.4116	 56.2294	  5.4116	 59.4342	 56.2294	 59.4342
     2_dyn008_b	      22	  5.5299	 58.7793	  5.5299	 60.4468	 58.7793	 60.4468
     2_dyn008_b	      23	  5.6870	 57.2568	  5.6870	 56.6591	 57.2568	 56.6591
     2_dyn008_b	      24	  5.4287	 62.6518	  5.4287	 62.1540	 62.6518	 62.1540
     2_dyn008_b	      25	  5.5292	 58.9226	  5.5292	 56.7112	 58.9226	 56.7112
     2_dyn008_b	      26	  5.6960	 57.9887	  5.6960	 57.3412	 57.9887	 57.3412
     2_dyn008_b	      27	  5.6121	 59.5353	  5.6121	 57.1529	 59.5353	 57.1529
     2_dyn008_b	      28	  5.7017	 54.6621	  5.7017	 51.6471	 54.6621	 51.6471
     2_dyn008_b	      29	  5.6780	 57.7534	  5.6780	 53.7392	 57.7534	 53.7392
     2_dyn008_b	      30	  5.6549	 57.2534	  5.6549	 53.3358	 57.2534	 53.3358
     2_dyn008_b	      31	  5.5722	 56.2361	  5.5722	 51.2546	 56.2361	 51.2546
     2_dyn008_b	      32	  5.5591	 53.3010	  5.5591	 48.2658	 53.3010	 48.2658
     2_dyn008_b	      33	  5.4262	 56.4647	  5.4262	 51.0403	 56.4647	 51.0403
     2_dyn008_b	      34	  6.0215	 62.3431	  6.0215	 65.5345	 62.3431	 65.5345
     2_dyn008_b	      35	  5.6740	 56.4280	  5.6740	 58.0165	 56.4280	 58.0165
     2_dyn008_b	      36	  5.9761	 54.9562	  5.9761	 57.2493	 54.9562	 57.2493
     2_dyn008_b	      37	  5.7956	 58.1064	  5.7956	 60.9246	 58.1064	 60.9246
     2_dyn008_b	      38	  6.0479	 58.9122	  6.0479	 62.2102	 58.9122	 62.2102
     2_dyn008_b	      39	  5.8250	 56.4637	  5.8250	 59.4354	 56.4637	 59.4354
     2_dyn008_b	      40	  5.5512	 52.8968	  5.5512	 55.0366	 52.8968	 55.0366
     2_dyn008_b	      41	  5.9590	 48.5115	  5.9590	 51.2627	 48.5115	 51.2627
     2_dyn008_b	      42	  5.3812	 54.6655	  5.3812	 57.3843	 54.6655	 57.3843
     2_dyn008_b	      43	  5.9238	 56.0598	  5.9238	 58.3618	 56.0598	 58.3618
     2_dyn008_b	      44	  5.8391	 59.8421	  5.8391	 64.0615	 59.8421	 64.0615
     2_dyn008_b	      45	  5.8265	 62.4454	  5.8265	 65.7442	 62.4454	 65.7442
     2_dyn008_b	      46	  5.2839	 62.2495	  5.2839	 65.6033	 62.2495	 65.6033
     2_dyn008_b	      47	  5.5570	 64.3108	  5.5570	 68.1210	 64.3108	 68.1210
     2_dyn008_b	      48	  5.3331	 65.8098	  5.3331	 69.0379	 65.8098	 69.0379
     2_dyn008_b	      49	  5.5178	 65.3175	  5.5178	 68.3274	 65.3175	 68.3274
     2_dyn009_a	       0	  5.4136	 69.0546	  5.4136	 70.0512	 69.0546	 70.0512
     2_dyn009_a	       1	  5.7484	 71.0152	  5.7484	 72.6113	 71.0152	 72.6113
     2_dyn009_a	       2	  5.6547	 65.3089	  5.6547	 70.9054	 65.3089	 70.9054
     2_dyn009_a	       3	  5.6379	 17.0341	  5.6379	 21.3076	 17.0341	 21.3076
     2_dyn009_a	       4	  6.9669	 22.2243	  6.9669	 25.9598	 22.2243	 25.9598
     2_dyn009_a	       5	  7.4308	 16.8815	  7.4308	 18.8740	 16.8815	 18.8740
     2_dyn009_a	       6	  7.0003	 22.1235	  7.0003	 28.6675	 22.1235	 28.6675
     2_dyn009_a	       7	  7.2095	 18.0483	  7.2095	 22.6101	 18.0483	 22.6101
     2_dyn009_a	       8	  6.7273	 17.7886	  6.7273	 16.4778	 17.7886	 16.4778
     2_dyn009_a	       9	  7.0321	 51.7885	  7.0321	 56.9596	 51.7885	 56.9596
     2_dyn009_a	      10	  7.5145	 23.5141	  7.5145	 20.6670	 23.5141	 20.6670
     2_dyn009_a	      11	  6.3546	 35.0701	  6.3546	 35.6102	 35.0701	 35.6102
     2_dyn009_a	      12	  5.8001	 30.5621	  5.8001	 25.5122	 30.5621	 25.5122
     2_dyn009_a	      13	  6.5663	 29.9912	  6.5663	 27.7452	 29.9912	 27.7452
     2_dyn009_a	      14	  7.0600	 42.5282	  7.0600	 42.3682	 42.5282	 42.3682
     2_dyn009_a	      15	  5.6771	 58.2299	  5.6771	 56.5748	 58.2299	 56.5748
     2_dyn009_a	      16	  6.9450	 52.6313	  6.9450	 55.7761	 52.6313	 55.7761
     2_dyn009_a	      17	  7.3481	 81.7858	  7.3481	 76.1337	 81.7858	 76.1337
     2_dyn009_a	      18	  6.0472	 78.6101	  6.0472	 77.0279	 78.6101	 77.0279
     2_dyn009_a	      19	  7.3606	 78.0904	  7.3606	 76.6360	 78.0904	 76.6360
     2_dyn009_a	      20	  5.9456	 73.1903	  5.9456	 76.9070	 73.1903	 76.9070
     2_dyn009_a	      21	  5.3010	 79.6337	  5.3010	 79.7906	 79.6337	 79.7906
     2_dyn009_a	      22	  7.1145	 57.6839	  7.1145	 64.3359	 57.6839	 64.3359
     2_dyn009_a	      23	  5.6131	 73.3397	  5.6131	 77.9745	 73.3397	 77.9745
     2_dyn009_a	      24	  6.8305	 73.3351	  6.8305	 75.6864	 73.3351	 75.6864
     2_dyn009_a	      25	  6.0815	 67.0322	  6.0815	 71.2226	 67.0322	 71.2226
     2_dyn009_a	      26	  5.4667	 44.1676	  5.4667	 45.1688	 44.1676	 45.1688
     2_dyn009_a	      27	  6.2033	 47.4143	  6.2033	 52.7080	 47.4143	 52.7080
     2_dyn009_a	      28	  7.1846	 58.8164	  7.1846	 55.7939	 58.8164	 55.7939
     2_dyn009_a	      29	  6.4510	 59.0229	  6.4510	 62.7312	 59.0229	 62.7312
     2_dyn009_a	      30	  7.4441	 33.6427	  7.4441	 39.8765	 33.6427	 39.8765
     2_dyn009_a	      31	  6.7869	 42.1078	  6.7869	 45.1246	 42.1078	 45.1246
     2_dyn009_a	      32	  7.2716	 34.6886	  7.2716	 31.2259	 34.6886	 31.2259
     2_dyn009_a	      33	  5.8654	 25.8249	  5.8654	 30.3458	 25.8249	 30.3458
     2_dyn009_a	      34	  7.2093	 34.4264	  7.2093	 38.3231	 34.4264	 38.3231
     2_dyn009_a	      35	  7.4880	 43.4605	  7.4880	 47.0538	 43.4605	 47.0538
     2_dyn009_a	      36	  5.7119	 58.1272	  5.7119	 53.3972	 58.1272	 53.3972
     2_dyn009_a	      37	  6.3103	 17.2421	  6.3103	 22.9844	 17.2421	 22.9844
     2_dyn009_a	      38	  5.7321	 27.9993	  5.7321	 22.8932	 27.9993	 22.8932
     2_dyn009_a	      39	  6.0760	 38.5831	  6.0760	 33.9183	 38.5831	 33.9183
     2_dyn009_a	      40	  6.8968	 31.3268	  6.8968	 32.1300	 31.3268	 32.1300
     2_dyn009_a	      41	  6.8043	 34.5188	  6.8043	 34.1231	 34.5188	 34.1231
     2_dyn009_a	      42	  5.2229	 43.4378	  5.2229	 39.9085	 43.4378	 39.9085
     2_dyn009_a	      43	  5.9220	 41.6624	  5.9220	 40.9959	 41.6624	 40.9959
     2_dyn009_a	      44	  5.6636	 39.5414	  5.6636	 39.9409	 39.5414	 39.9409
     2_dyn009_a	      45	  6.2556	 96.5766	  6.2556	 98.6073	 96.5766	 98.6073
     2_dyn009_a	      46	  5.6208	 85.4015	  5.6208	 83.4458	 85.4015	 83.4458
     2_dyn009_a	      47	  5.5816	 97.1516	  5.5816	 94.4500	 97.1516	 94.4500
     2_dyn009_a	      48	  5.8617	101.4868	  5.8617	 97.0190	101.4868	 97.0190
     2_dyn009_a	      49	  5.7760	 98.0170	  5.7760	 95.9288	 98.0170	 95.9288
     2_dyn009_b	       0	  5.6705	 96.1459	  5.6705	 95.2273	 96.1459	 95.2273
     2_dyn009_b	       1	  5.7398	 95.4943	  5.7398	 93.0183	 95.4943	 93.0183
     2_dyn009_b	       2	  5.6186	 95.9626	  5.6186	 92.3545	 95.9626	 92.3545
     2_dyn009_b	       3	  5.6411	102.0992	  5.6411	 97.7034	102.0992	 97.7034
     2_dyn009_b	       4	  5.8663	 37.2683	  5.8663	 40.7370	 37.2683	 40.7370
     2_dyn009_b	       5	  5.7018	102.2838	  5.7018	 98.1746	102.2838	 98.1746
     2_dyn009_b	       6	  5.4381	104.5299	  5.4381	100.9004	104.5299	100.9004
     2_dyn009_b	       7	  5.9474	 29.4224	  5.9474	 33.9926	 29.4224	 33.9926
     2_dyn009_b	       8	  5.5838	107.6565	  5.5838	102.3294	107.6565	102.3294
     2_dyn009_b	       9	  5.7115	 33.8182	  5.7115	 39.2629	 33.8182	 39.2629
     2_dyn009_b	      10	  5.8087	 32.8643	  5.8087	 38.4542	 32.8643	 38.4542
     2_dyn009_b	      11	  5.8209	 33.0860	  5.8209	 37.3694	 33.0860	 37.3694
     2_dyn009_b	      12	  5.9035	 31.0686	  5.9035	 35.6270	 31.0686	 35.6270
     2_dyn009_b	      13	  5.6853	 26.7775	  5.6853	 30.9770	 26.7775	 30.9770
     2_dyn009_b	      14	  5.9948	104.8747	  5.9948	100.1660	104.8747	100.1660
     2_dyn009_b	      15	  5.8441	 39.8441	  5.8441	 42.1104	 39.8441	 42.1104
     2_dyn009_b	      16	  5.7580	105.8059	  5.7580	101.3539	105.8059	101.3539
     2_dyn009_b	      17	  5.9998	104.5219	  5.9998	 99.5473	104.5219	 99.5473
     2_dyn009_b	      18	  5.6731	 34.8973	  5.6731	 39.2056	 34.8973	 39.2056
     2_dyn009_b	      19	  5.9389	 53.3384	  5.9389	 51.5724	 53.3384	 51.5724
     2_dyn009_b	      20	  5.6959	 33.5457	  5.6959	 37.3188	 33.5457	 37.3188
     2_dyn009_b	      21	  5.7432	 29.4764	  5.7432	 30.4725	 29.4764	 30.4725
     2_dyn009_b	      22	  5.8141	 27.8025	  5.8141	 29.8051	 27.8025	 29.8051
     2_dyn009_b	      23	  5.9044	 61.4539	  5.9044	 57.1497	 61.4539	 57.1497
     2_dyn009_b	      24	  6.0124	 28.8051	  6.0124	 30.7163	 28.8051	 30.7163
     2_dyn009_b	      25	  5.8892	 30.1778	  5.8892	 31.6619	 30.1778	 31.6619
     2_dyn009_b	      26	  5.9107	 35.8218	  5.9107	 37.0918	 35.8218	 37.0918
     2_dyn009_b	      27	  5.8002	 34.1984	  5.8002	 37.5890	 34.1984	 37.5890
     2_dyn009_b	      28	  5.9829	 53.2078	  5.9829	 49.1911	 53.2078	 49.1911
     2_dyn009_b	      29	  5.5892	 51.9146	  5.5892	 48.3604	 51.9146	 48.3604
     2_dyn009_b	      30	  5.6296	 31.2119	  5.6296	 34.5887	 31.2119	 34.5887
     2_dyn009_b	      31	  5.7204	 29.4646	  5.7204	 32.5646	 29.4646	 32.5646
     2_dyn009_b	      32	  6.1531	 32.2790	  6.1531	 35.4094	 32.2790	 35.4094
     2_dyn009_b	      33	  5.7112	 32.7887	  5.7112	 35.9815	 32.7887	 35.9815
     2_dyn009_b	      34	  5.6736	 33.6944	  5.6736	 35.0202	 33.6944	 35.0202
     2_dyn009_b	      35	  5.7776	 31.4399	  5.7776	 33.8478	 31.4399	 33.8478
     2_dyn009_b	      36	  5.8434	 31.2710	  5.8434	 34.8124	 31.2710	 34.8124
     2_dyn009_b	      37	  5.8290	 30.8431	  5.8290	 32.1370	 30.8431	 32.1370
     2_dyn009_b	      38	  5.7168	 30.3165	  5.7168	 31.3783	 30.3165	 31.3783
     2_dyn009_b	      39	  5.6146	 31.1629	  5.6146	 31.7039	 31.1629	 31.7039
     2_dyn009_b	      40	  5.7815	 53.5196	  5.7815	 50.5909	 53.5196	 50.5909
     2_dyn009_b	      41	  6.0860	 53.7946	  6.0860	 49.2771	 53.7946	 49.2771
     2_dyn009_b	      42	  6.1122	 55.1485	  6.1122	 51.3381	 55.1485	 51.3381
     2_dyn009_b	      43	  5.4668	 36.9521	  5.4668	 36.5030	 36.9521	 36.5030
     2_dyn009_b	      44	  5.9175	 30.8272	  5.9175	 31.7454	 30.8272	 31.7454
     2_dyn009_b	      45	  5.8165	 34.0217	  5.8165	 32.4194	 34.0217	 32.4194
     2_dyn009_b	      46	  5.8140	 28.4432	  5.8140	 25.4826	 28.4432	 25.4826
     2_dyn009_b	      47	  5.8988	 28.2957	  5.8988	 25.1130	 28.2957	 25.1130
     2_dyn009_b	      48	  5.8302	 32.3087	  5.8302	 28.3305	 32.3087	 28.3305
     2_dyn009_b	      49	  5.7195	 36.3408	  5.7195	 32.9708	 36.3408	 32.9708
     2_dyn010_a	       0	  5.4629	 34.5598	  5.4629	 32.0824	 34.5598	 32.0824
     2_dyn010_a	       1	  5.7959	 31.7679	  5.7959	 27.3943	 31.7679	 27.3943
     2_dyn010_a	       2	  5.6577	 36.4833	  5.6577	 34.3673	 36.4833	 34.3673
     2_dyn010_a	       3	  5.9051	 35.3483	  5.9051	 34.0200	 35.3483	 34.0200
     2_dyn010_a	       4	  6.0289	 84.5975	  6.0289	 82.9516	 84.5975	 82.9516
     2_dyn010_a	       5	  5.7513	 82.4913	  5.7513	 83.8500	 82.4913	 83.8500
     2_dyn010_a	       6	  5.2470	 75.2419	  5.2470	 76.3108	 75.2419	 76.3108
     2_dyn010_a	       7	  5.4475	 42.3947	  5.4475	 46.0100	 42.3947	 46.0100
     2_dyn010_a	       8	  6.5438	 52.2606	  6.5438	 52.9519	 52.2606	 52.9519
     2_dyn010_a	       9	  5.8121	 41.8800	  5.8121	 46.2387	 41.8800	 46.2387
     2_dyn010_a	      10	  6.3962	 85.7761	  6.3962	 87.2533	 85.7761	 87.2533
     2_dyn010_a	      11	  5.7262	 48.6204	  5.7262	 42.9391	 48.6204	 42.9391
     2_dyn010_a	      12	  4.9299	 39.4129	  4.9299	 36.5511	 39.4129	 36.5511
     2_dyn010_a	      13	  6.0456	 42.1236	  6.0456	 37.4505	 42.1236	 37.4505
     2_dyn010_a	      14	  5.5427	103.9125	  5.5427	105.9225	103.9125	105.9225
     2_dyn010_a	      15	  6.0299	 91.6686	  6.0299	 89.5504	 91.6686	 89.5504
     2_dyn010_a	      16	  7.0731	 89.4679	  7.0731	 95.3842	 89.4679	 95.3842
     2_dyn010_a	      17	  7.3826	 88.8547	  7.3826	 91.4103	 88.8547	 91.4103
     2_dyn010_a	      18	  6.3914	 61.7615	  6.3914	 64.2135	 61.7615	 64.2135
     2_dyn010_a	      19	  6.0027	 84.8751	  6.0027	 85.2595	 84.8751	 85.2595
     2_dyn010_a	      20	  7.1100	 42.2550	  7.1100	 43.0466	 42.2550	 43.0466
     2_dyn010_a	      21	  6.7308	 44.2167	  6.7308	 46.9713	 44.2167	 46.9713
     2_dyn010_a	      22	  6.5324	 34.6556	  6.5324	 33.8434	 34.6556	 33.8434
     2_dyn010_a	      23	  6.6527	 42.6819	  6.6527	 42.4331	 42.6819	 42.4331
     2_dyn010_a	      24	  5.9211	 35.4536	  5.9211	 34.1621	 35.4536	 34.1621
     2_dyn010_a	      25	  6.9910	 48.7493	  6.9910	 51.3900	 48.7493	 51.3900
     2_dyn010_a	      26	  7.3701	 64.5046	  7.3701	 61.0487	 64.5046	 61.0487
     2_dyn010_a	      27	  6.8596	 63.2326	  6.8596	 64.7025	 63.2326	 64.7025
     2_dyn010_a	      28	  6.1320	 73.0544	  6.1320	 72.9840	 73.0544	 72.9840
     2_dyn010_a	      29	  6.5921	 72.9185	  6.5921	 72.5789	 72.9185	 72.5789
     2_dyn010_a	      30	  6.5117	 43.7726	  6.5117	 47.5765	 43.7726	 47.5765
     2_dyn010_a	      31	  7.5415	 45.7648	  7.5415	 52.7556	 45.7648	 52.7556
     2_dyn010_a	      32	  7.0076	 69.8977	  7.0076	 71.7372	 69.8977	 71.7372
     2_dyn010_a	      33	  6.2431	 45.1425	  6.2431	 41.0042	 45.1425	 41.0042
     2_dyn010_a	      34	  6.6884	 47.7028	  6.6884	 43.5548	 47.7028	 43.5548
     2_dyn010_a	      35	  6.5713	 66.6672	  6.5713	 66.5419	 66.6672	 66.5419
     2_dyn010_a	      36	  6.8067	 44.3360	  6.8067	 37.6815	 44.3360	 37.6815
     2_dyn010_a	      37	  6.8390	 52.5107	  6.8390	 46.6352	 52.5107	 46.6352
     2_dyn010_a	      38	  7.3288	 38.4228	  7.3288	 43.7569	 38.4228	 43.7569
     2_dyn010_a	      39	  7.4752	 38.9694	  7.4752	 37.6690	 38.9694	 37.6690
     2_dyn010_a	      40	  7.5502	 45.5129	  7.5502	 47.4875	 45.5129	 47.4875
     2_dyn010_a	      41	  6.8160	 27.9961	  6.8160	 27.5426	 27.9961	 27.5426
     2_dyn010_a	      42	  6.0215	 24.8226	  6.0215	 24.7841	 24.8226	 24.7841
     2_dyn010_a	      43	  6.8640	 23.9186	  6.8640	 21.2960	 23.9186	 21.2960
     2_dyn010_a	      44	  7.2367	 27.1113	  7.2367	 24.6925	 27.1113	 24.6925
     2_dyn010_a	      45	  6.6347	 27.0127	  6.6347	 25.6974	 27.0127	 25.6974
     2_dyn010_a	      46	  7.0361	 29.2562	  7.0361	 29.9284	 29.2562	 29.9284
     2_dyn010_a	      47	  6.5020	 20.7021	  6.5020	 20.8764	 20.7021	 20.8764
     2_dyn010_a	      48	  5.3712	 24.6321	  5.3712	 20.2698	 24.6321	 20.2698
     2_dyn010_a	      49	  6.9005	 30.1572	  6.9005	 25.7864	 30.1572	 25.7864
     2_dyn010_b	       0	  7.0803	 31.8080	  7.0803	 26.5110	 31.8080	 26.5110
     2_dyn010_b	       1	  7.0528	 33.2765	  7.0528	 27.5042	 33.2765	 27.5042
     2_dyn010_b	       2	  6.7776	 32.0800	  6.7776	 29.1357	 32.0800	 29.1357
     2_dyn010_b	       3	  7.1818	 31.8846	  7.1818	 25.8237	 31.8846	 25.8237
     2_dyn010_b	       4	  7.2822	 34.3738	  7.2822	 29.7154	 34.3738	 29.7154
     2_dyn010_b	       5	  7.3512	 34.2649	  7.3512	 28.5499	 34.2649	 28.5499
     2_dyn010_b	       6	  7.1512	 36.9654	  7.1512	 31.0482	 36.9654	 31.0482
     2_dyn010_b	       7	  7.3269	 35.2886	  7.3269	 30.3823	 35.2886	 30.3823
     2_dyn010_b	       8	  6.6601	 34.8013	  6.6601	 30.6103	 34.8013	 30.6103
     2_dyn010_b	       9	  5.9219	 35.9332	  5.9219	 32.8036	 35.9332	 32.8036
     2_dyn010_b	      10	  6.3342	 34.0569	  6.3342	 31.9691	 34.0569	 31.9691
     2_dyn010_b	      11	  6.8990	 44.7510	  6.8990	 49.6773	 44.7510	 49.6773
     2_dyn010_b	      12	  7.4004	 42.7774	  7.4004	 48.7525	 42.7774	 48.7525
     2_dyn010_b	      13	  7.3584	 40.9881	  7.3584	 46.3768	 40.9881	 46.3768
     2_dyn010_b	      14	  7.0912	 42.2057	  7.0912	 47.2870	 42.2057	 47.2870
     2_dyn010_b	      15	  7.5089	 43.2364	  7.5089	 44.0193	 43.2364	 44.0193
     2_dyn010_b	      16	  7.2349	 42.3315	  7.2349	 44.1668	 42.3315	 44.1668
     2_dyn010_b	      17	  7.3555	 37.5282	  7.3555	 41.2458	 37.5282	 41.2458
     2_dyn010_b	      18	  7.5485	 36.9232	  7.5485	 35.2681	 36.9232	 35.2681
     2_dyn010_b	      19	  7.3946	 36.8621	  7.3946	 32.2256	 36.8621	 32.2256
     2_dyn010_b	      20	  7.4264	 37.1905	  7.4264	 35.7105	 37.1905	 35.7105
     2_dyn010_b	      21	  6.8519	 33.2964	  6.8519	 33.5558	 33.2964	 33.5558
     2_dyn010_b	      22	  7.2110	 47.0202	  7.2110	 47.3719	 47.0202	 47.3719
     2_dyn010_b	      23	  7.1672	 48.9394	  7.1672	 47.4890	 48.9394	 47.4890
     2_dyn010_b	      24	  6.8667	 48.1364	  6.8667	 47.0433	 48.1364	 47.0433
     2_dyn010_b	      25	  6.9783	 46.2999	  6.9783	 45.9462	 46.2999	 45.9462
     2_dyn010_b	      26	  6.5656	 49.7800	  6.5656	 47.0035	 49.7800	 47.0035
     2_dyn010_b	      27	  7.0309	 52.1006	  7.0309	 49.9928	 52.1006	 49.9928
     2_dyn010_b	      28	  7.3442	 42.4761	  7.3442	 41.6991	 42.4761	 41.6991
     2_dyn010_b	      29	  7.2727	 43.4886	  7.2727	 42.3544	 43.4886	 42.3544
     2_dyn010_b	      30	  7.4675	 42.2400	  7.4675	 43.2185	 42.2400	 43.2185
     2_dyn010_b	      31	  7.3793	 46.6317	  7.3793	 45.0032	 46.6317	 45.0032
     2_dyn010_b	      32	  6.8703	 50.6517	  6.8703	 48.7358	 50.6517	 48.7358
     2_dyn010_b	      33	  6.8085	 50.4107	  6.8085	 50.1827	 50.4107	 50.1827
     2_dyn010_b	      34	  6.8977	 51.1859	  6.8977	 51.0213	 51.1859	 51.0213
     2_dyn010_b	      35	  6.8897	 52.4577	  6.8897	 53.0408	 52.4577	 53.0408
     2_dyn010_b	      36	  7.4836	 52.8363	  7.4836	 54.4827	 52.8363	 54.4827
     2_dyn010_b	      37	  6.8404	 29.5263	  6.8404	 24.9170	 29.5263	 24.9170
     2_dyn010_b	      38	  7.4707	 49.2556	  7.4707	 53.5009	 49.2556	 53.5009
     2_dyn010_b	      39	  7.1627	 54.7713	  7.1627	 57.5410	 54.7713	 57.5410
     2_dyn010_b	      40	  7.4993	 54.7849	  7.4993	 57.6692	 54.7849	 57.6692
     2_dyn010_b	      41	  7.2991	 52.0058	  7.2991	 54.2355	 52.0058	 54.2355
     2_dyn010_b	      42	  7.2727	 49.6274	  7.2727	 53.5098	 49.6274	 53.5098
     2_dyn010_b	      43	  7.5786	 25.3329	  7.5786	 23.7747	 25.3329	 23.7747
     2_dyn010_b	      44	  7.0488	 26.3401	  7.0488	 25.1989	 26.3401	 25.1989
     2_dyn010_b	      45	  7.0772	 25.1482	  7.0772	 23.0637	 25.1482	 23.0637
     2_dyn010_b	      46	  7.0710	 23.0565	  7.0710	 23.5045	 23.0565	 23.5045
     2_dyn010_b	      47	  7.4386	 27.4570	  7.4386	 26.0447	 27.4570	 26.0447
     2_dyn010_b	      48	  7.2820	 24.6100	  7.2820	 26.5545	 24.6100	 26.5545
     2_dyn010_b	      49	  7.1430	 28.6681	  7.1430	 27.9465	 28.6681	 27.9465
     2_dyn011_a	       0	  6.7788	 22.8181	  6.7788	 23.3171	 22.8181	 23.3171
     2_dyn011_a	       1	  7.1653	 24.4673	  7.1653	 29.7966	 24.4673	 29.7966
     2_dyn011_a	       2	  6.5957	 26.0597	  6.5957	 31.2498	 26.0597	 31.2498
     2_dyn011_a	       3	  6.2902	 31.1158	  6.2902	 34.6769	 31.1158	 34.6769
     2_dyn011_a	       4	  7.1012	 28.4572	  7.1012	 25.7137	 28.4572	 25.7137
     2_dyn011_a	       5	  7.0810	 36.7662	  7.0810	 34.2162	 36.7662	 34.2162
     2_dyn011_a	       6	  6.8473	 36.0698	  6.8473	 40.0015	 36.0698	 40.0015
     2_dyn011_a	       7	  7.4589	 67.2998	  7.4589	 73.7694	 67.2998	 73.7694
     2_dyn011_a	       8	  6.8923	 57.8628	  6.8923	 64.5286	 57.8628	 64.5286
     2_dyn011_a	       9	  7.5565	 62.3277	  7.5565	 64.1085	 62.3277	 64.1085
     2_dyn011_a	      10	  5.3344	 63.6123	  5.3344	 64.3222	 63.6123	 64.3222
     2_dyn011_a	      11	  6.1732	 81.5529	  6.1732	 84.7599	 81.5529	 84.7599
     2_dyn011_a	      12	  5.7983	 89.7453	  5.7983	 88.2186	 89.7453	 88.2186
     2_dyn011_a	      13	  6.7576	 65.0205	  6.7576	 71.1518	 65.0205	 71.1518
     2_dyn011_a	      14	  7.5314	 83.0739	  7.5314	 86.1947	 83.0739	 86.1947
     2_dyn011_a	      15	  6.1585	 53.1185	  6.1585	 58.9724	 53.1185	 58.9724
     2_dyn011_a	      16	  7.5580	 75.3322	  7.5580	 72.0836	 75.3322	 72.0836
     2_dyn011_a	      17	  5.2647	100.3086	  5.2647	 96.8063	100.3086	 96.8063
     2_dyn011_a	      18	  6.3355	 59.1957	  6.3355	 61.8414	 59.1957	 61.8414
     2_dyn011_a	      19	  6.9894	 71.1288	  6.9894	 74.7870	 71.1288	 74.7870
     2_dyn011_a	      20	  6.1027	 42.3521	  6.1027	 42.0785	 42.3521	 42.0785
     2_dyn011_a	      21	  6.1249	 66.2785	  6.1249	 68.7008	 66.2785	 68.7008
     2_dyn011_a	      22	  5.8362	 60.5156	  5.8362	 61.0497	 60.5156	 61.0497
     2_dyn011_a	      23	  6.7557	 34.1365	  6.7557	 31.3455	 34.1365	 31.3455
     2_dyn011_a	      24	  7.0447	 42.3965	  7.0447	 36.0518	 42.3965	 36.0518
     2_dyn011_a	      25	  6.3052	 60.2262	  6.3052	 60.1871	 60.2262	 60.1871
     2_dyn011_a	      26	  6.7401	 84.2350	  6.7401	 82.5412	 84.2350	 82.5412
     2_dyn011_a	      27	  5.4727	 53.1623	  5.4727	 56.0529	 53.1623	 56.0529
     2_dyn011_a	      28	  6.2877	 86.3470	  6.2877	 91.4323	 86.3470	 91.4323
     2_dyn011_a	      29	  6.2869	 58.6300	  6.2869	 61.2486	 58.6300	 61.2486
     2_dyn011_a	      30	  6.1325	 15.2581	  6.1325	 14.3092	 15.2581	 14.3092
     2_dyn011_a	      31	  6.7956	 23.9536	  6.7956	 22.5119	 23.9536	 22.5119
     2_dyn011_a	      32	  5.6343	 71.5911	  5.6343	 71.6638	 71.5911	 71.6638
     2_dyn011_a	      33	  6.7150	 59.3580	  6.7150	 59.1337	 59.3580	 59.1337
     2_dyn011_a	      34	  5.8945	 69.7021	  5.8945	 73.1856	 69.7021	 73.1856
     2_dyn011_a	      35	  5.8784	 55.1484	  5.8784	 58.5680	 55.1484	 58.5680
     2_dyn011_a	      36	  6.1870	 65.1364	  6.1870	 64.5175	 65.1364	 64.5175
     2_dyn011_a	      37	  6.6696	 69.5516	  6.6696	 74.1598	 69.5516	 74.1598
     2_dyn011_a	      38	  6.7895	 86.3462	  6.7895	 85.3083	 86.3462	 85.3083
     2_dyn011_a	      39	  7.1154	 50.3821	  7.1154	 49.0716	 50.3821	 49.0716
     2_dyn011_a	      40	  6.6378	 22.7246	  6.6378	 25.2548	 22.7246	 25.2548
     2_dyn011_a	      41	  7.2229	 32.6067	  7.2229	 31.8273	 32.6067	 31.8273
     2_dyn011_a	      42	  7.3812	 33.2815	  7.3812	 39.4461	 33.2815	 39.4461
     2_dyn011_a	      43	  6.8448	 24.8405	  6.8448	 24.2650	 24.8405	 24.2650
     2_dyn011_a	      44	  7.2608	 28.4696	  7.2608	 21.7103	 28.4696	 21.7103
     2_dyn011_a	      45	  7.2408	 21.2254	  7.2408	 14.9229	 21.2254	 14.9229
     2_dyn011_a	      46	  6.9911	 19.6323	  6.9911	 15.4754	 19.6323	 15.4754
     2_dyn011_a	      47	  7.0681	 19.1661	  7.0681	 13.9203	 19.1661	 13.9203
     2_dyn011_a	      48	  7.4797	 21.0837	  7.4797	 14.7027	 21.0837	 14.7027
     2_dyn011_a	      49	  6.5875	 19.0771	  6.5875	 13.7273	 19.0771	 13.7273
